[{"__type__":"cc.SpriteFrame","content":{"name":"btn1_1","texture":"18aku+STJH+ZIErBIjcfz+","rect":[0,0,236,108],"offset":[0,0],"originalSize":[236,108],"capInsets":[0,0,0,0]}},{"__type__":"cc.SpriteFrame","content":{"name":"btn1_2","texture":"07Ye9F4ppFAJ+ndNv6wu7o","rect":[0,0,236,108],"offset":[0,0],"originalSize":[236,108],"capInsets":[0,0,0,0]}},[{"__type__":"cc.Prefab","_name":"layoutTemplate","data":{"__id__":1}},{"__type__":"cc.Node","_name":"layoutTemplate","_children":[{"__id__":2},{"__id__":3},{"__id__":4},{"__id__":5}],"_components":[{"__type__":"cc.Sprite","node":{"__id__":1},"_materials":[{"__uuid__":"ecpdLyjvZBwrvm+cedCcQy"}]},{"__type__":"cc.Layout","node":{"__id__":1},"_layoutSize":{"__type__":"cc.Size","width":468,"height":60},"_N$paddingLeft":32,"_N$paddingRight":32}],"_prefab":{"__type__":"cc.PrefabInfo","root":{"__id__":1},"asset":{"__uuid__":"2bh4ds4ThCEY7hGT4mvR4i"},"fileId":"773EM5ghZL8Z2RdAwjP2s2"},"_contentSize":{"__type__":"cc.Size","width":468,"height":60},"_trs":{"__type__":"TypedArray","ctor":"Float64Array","array":[0,24,0,0,0,0,1,1,1,1]}},{"__type__":"cc.Node","_name":"bg","_parent":{"__id__":1},"_components":[{"__type__":"cc.Sprite","node":{"__id__":2},"_materials":[{"__uuid__":"ecpdLyjvZBwrvm+cedCcQy"}],"_spriteFrame":{"__uuid__":"a2MjXRFdtLlYQ5ouAFv/+R"},"_sizeMode":0}],"_prefab":{"__type__":"cc.PrefabInfo","root":{"__id__":1},"asset":{"__uuid__":"2bh4ds4ThCEY7hGT4mvR4i"},"fileId":"78STvlOBhPfLhbxeJDUxKX"},"_color":{"__type__":"cc.Color","r":255,"g":243,"b":206},"_contentSize":{"__type__":"cc.Size","width":468,"height":56},"_trs":{"__type__":"TypedArray","ctor":"Float64Array","array":[0,0,0,0,0,0,1,1,1,1]}},{"__type__":"cc.Node","_name":"level","_parent":{"__id__":1},"_components":[{"__type__":"cc.Label","node":{"__id__":3},"_materials":[{"__uuid__":"ecpdLyjvZBwrvm+cedCcQy"}],"_useOriginalSize":false,"_fontSize":24,"_lineHeight":34,"_N$horizontalAlign":1,"_N$verticalAlign":1}],"_prefab":{"__type__":"cc.PrefabInfo","root":{"__id__":1},"asset":{"__uuid__":"2bh4ds4ThCEY7hGT4mvR4i"},"fileId":"a89BeM7GNFbKFdjAn0q4ZS"},"_color":{"__type__":"cc.Color","r":195,"g":147,"b":37},"_contentSize":{"__type__":"cc.Size","height":42.84},"_trs":{"__type__":"TypedArray","ctor":"Float64Array","array":[-180,0,0,0,0,0,1,1,1,1]}},{"__type__":"cc.Node","_name":"roadExpenses","_parent":{"__id__":1},"_components":[{"__type__":"cc.Label","node":{"__id__":4},"_materials":[{"__uuid__":"ecpdLyjvZBwrvm+cedCcQy"}],"_useOriginalSize":false,"_fontSize":24,"_lineHeight":34,"_N$horizontalAlign":1,"_N$verticalAlign":1}],"_prefab":{"__type__":"cc.PrefabInfo","root":{"__id__":1},"asset":{"__uuid__":"2bh4ds4ThCEY7hGT4mvR4i"},"fileId":"3bUL0ioWNO8o44ItiFEM1z"},"_color":{"__type__":"cc.Color","r":195,"g":147,"b":37},"_contentSize":{"__type__":"cc.Size","height":42.84},"_trs":{"__type__":"TypedArray","ctor":"Float64Array","array":[0,0,0,0,0,0,1,1,1,1]}},{"__type__":"cc.Node","_name":"price","_parent":{"__id__":1},"_components":[{"__type__":"cc.Label","node":{"__id__":5},"_materials":[{"__uuid__":"ecpdLyjvZBwrvm+cedCcQy"}],"_useOriginalSize":false,"_fontSize":24,"_lineHeight":34,"_N$horizontalAlign":1,"_N$verticalAlign":1}],"_prefab":{"__type__":"cc.PrefabInfo","root":{"__id__":1},"asset":{"__uuid__":"2bh4ds4ThCEY7hGT4mvR4i"},"fileId":"d06SOcgWZAtL6b1d1ZQIho"},"_color":{"__type__":"cc.Color","r":195,"g":147,"b":37},"_contentSize":{"__type__":"cc.Size","height":42.84},"_trs":{"__type__":"TypedArray","ctor":"Float64Array","array":[180,0,0,0,0,0,1,1,1,1]}}],{"__type__":"cc.SpriteFrame","content":{"name":"closeBtn","texture":"e8zTZXXSZPibiF0XXUqCEF","rect":[0,0,76,76],"offset":[0,0],"originalSize":[76,76],"capInsets":[0,0,0,0]}},{"__type__":"cc.SpriteAtlas","_name":"prisonList.plist","_spriteFrames":{"happyBean":{"__uuid__":"feWwJqMEdJXar7HJ3JuyMN"}}},[{"__type__":"cc.Prefab","_name":"prisonPre","data":{"__id__":1}},{"__type__":"cc.Node","_name":"prisonPre","_children":[{"__id__":2},{"__id__":5}],"_components":[{"__type__":"cc.Sprite","node":{"__id__":1},"_materials":[{"__uuid__":"ecpdLyjvZBwrvm+cedCcQy"}],"_type":1,"_sizeMode":0},{"__type__":"cc.Layout","node":{"__id__":1},"_layoutSize":{"__type__":"cc.Size","width":576,"height":206.7},"_resize":1,"_N$layoutType":2},{"__type__":"96d22QubdtJUYQlI9fTPuvl","node":{"__id__":1},"contentLabel":{"__id__":4},"countDown":{"__id__":9}}],"_prefab":{"__type__":"cc.PrefabInfo","root":{"__id__":1},"asset":{"__uuid__":"4aeqO3AqVMCK8bjFJt7bV2"},"fileId":"eaFol7KUlOVYsPv6XX1Q8j"},"_contentSize":{"__type__":"cc.Size","width":576,"height":206.7},"_trs":{"__type__":"TypedArray","ctor":"Float64Array","array":[372.155,280.642,0,0,0,0,1,1,1,1]}},{"__type__":"cc.Node","_name":"containerLayout","_parent":{"__id__":1},"_children":[{"__id__":3}],"_components":[{"__type__":"cc.Sprite","node":{"__id__":2},"_materials":[{"__uuid__":"ecpdLyjvZBwrvm+cedCcQy"}],"_type":1,"_sizeMode":0},{"__type__":"cc.Layout","node":{"__id__":2},"_layoutSize":{"__type__":"cc.Size","width":576,"height":96.7},"_resize":1,"_N$layoutType":2,"_N$paddingBottom":40}],"_prefab":{"__type__":"cc.PrefabInfo","root":{"__id__":1},"asset":{"__uuid__":"4aeqO3AqVMCK8bjFJt7bV2"},"fileId":"7djfbGES5N9pA6zyyVKhRl"},"_contentSize":{"__type__":"cc.Size","width":576,"height":96.7},"_trs":{"__type__":"TypedArray","ctor":"Float64Array","array":[0,54.99999999999999,0,0,0,0,1,1,1,1]}},{"__type__":"cc.Node","_name":"RichText","_parent":{"__id__":2},"_components":[{"__id__":4}],"_prefab":{"__type__":"cc.PrefabInfo","root":{"__id__":1},"asset":{"__uuid__":"4aeqO3AqVMCK8bjFJt7bV2"},"fileId":"66sFTrIhZKnJ7Vo61j/WsN"},"_contentSize":{"__type__":"cc.Size","width":482,"height":56.7},"_trs":{"__type__":"TypedArray","ctor":"Float64Array","array":[0,20,0,0,0,0,1,1,1,1]}},{"__type__":"cc.RichText","node":{"__id__":3},"_N$string":"","_N$fontSize":28,"_N$maxWidth":482,"_N$lineHeight":45,"_N$imageAtlas":{"__uuid__":"35gscFpgFJyIS4NqyUZX2A"}},{"__type__":"cc.Node","_name":"btnLayout","_parent":{"__id__":1},"_children":[{"__id__":6},{"__id__":10}],"_prefab":{"__type__":"cc.PrefabInfo","root":{"__id__":1},"asset":{"__uuid__":"4aeqO3AqVMCK8bjFJt7bV2"},"fileId":"00nhcC0h9CXIT6D4LY+GUN"},"_contentSize":{"__type__":"cc.Size","width":576,"height":110},"_trs":{"__type__":"TypedArray","ctor":"Float64Array","array":[0,-48.35000000000001,0,0,0,0,1,1,1,1]}},{"__type__":"cc.Node","_name":"btn1_1","_parent":{"__id__":5},"_children":[{"__id__":7},{"__id__":8}],"_components":[{"__type__":"cc.Sprite","node":{"__id__":6},"_materials":[{"__uuid__":"ecpdLyjvZBwrvm+cedCcQy"}],"_spriteFrame":{"__uuid__":"0bnAEjlX9Kh6snBwPpCx1d"}},{"__type__":"cc.Button","node":{"__id__":6},"clickEvents":[{"__type__":"cc.ClickEvent","target":{"__id__":1},"_componentId":"96d22QubdtJUYQlI9fTPuvl","handler":"payBailAction","customEventData":"1"}]}],"_prefab":{"__type__":"cc.PrefabInfo","root":{"__id__":1},"asset":{"__uuid__":"4aeqO3AqVMCK8bjFJt7bV2"},"fileId":"cdZLvgrvVLcIZxbEtrHE9Y"},"_contentSize":{"__type__":"cc.Size","width":236,"height":108},"_trs":{"__type__":"TypedArray","ctor":"Float64Array","array":[-125,0,0,0,0,0,1,1,1,1]}},{"__type__":"cc.Node","_name":"btnContent","_parent":{"__id__":6},"_components":[{"__type__":"cc.Label","node":{"__id__":7},"_materials":[{"__uuid__":"ecpdLyjvZBwrvm+cedCcQy"}],"_useOriginalSize":false,"_string":"放弃两轮游戏","_N$string":"放弃两轮游戏","_fontSize":28,"_N$horizontalAlign":1,"_N$verticalAlign":1}],"_prefab":{"__type__":"cc.PrefabInfo","root":{"__id__":1},"asset":{"__uuid__":"4aeqO3AqVMCK8bjFJt7bV2"},"fileId":"6b8pqKFFFKeY471RM2FDAq"},"_contentSize":{"__type__":"cc.Size","width":168,"height":50.4},"_trs":{"__type__":"TypedArray","ctor":"Float64Array","array":[0,20,0,0,0,0,1,1,1,1]}},{"__type__":"cc.Node","_name":"countDown","_parent":{"__id__":6},"_components":[{"__id__":9}],"_prefab":{"__type__":"cc.PrefabInfo","root":{"__id__":1},"asset":{"__uuid__":"4aeqO3AqVMCK8bjFJt7bV2"},"fileId":"47RQr1U3tF1qCt/QZKIR+h"},"_contentSize":{"__type__":"cc.Size","height":50.4},"_trs":{"__type__":"TypedArray","ctor":"Float64Array","array":[0,-18,0,0,0,0,1,1,1,1]}},{"__type__":"cc.Label","node":{"__id__":8},"_materials":[{"__uuid__":"ecpdLyjvZBwrvm+cedCcQy"}],"_useOriginalSize":false,"_fontSize":24,"_N$horizontalAlign":1,"_N$verticalAlign":1},{"__type__":"cc.Node","_name":"btn1_2","_parent":{"__id__":5},"_children":[{"__id__":11}],"_components":[{"__type__":"cc.Sprite","node":{"__id__":10},"_materials":[{"__uuid__":"ecpdLyjvZBwrvm+cedCcQy"}],"_spriteFrame":{"__uuid__":"0cNFNG8DpLw7iie0rFXuvv"}},{"__type__":"cc.Button","node":{"__id__":10},"clickEvents":[{"__type__":"cc.ClickEvent","target":{"__id__":1},"_componentId":"96d22QubdtJUYQlI9fTPuvl","handler":"payBailAction","customEventData":"0"}]}],"_prefab":{"__type__":"cc.PrefabInfo","root":{"__id__":1},"asset":{"__uuid__":"4aeqO3AqVMCK8bjFJt7bV2"},"fileId":"99oTTiEWdMbYhWA6b0O56d"},"_contentSize":{"__type__":"cc.Size","width":236,"height":108},"_trs":{"__type__":"TypedArray","ctor":"Float64Array","array":[125,0,0,0,0,0,1,1,1,1]}},{"__type__":"cc.Node","_name":"btnContent","_parent":{"__id__":10},"_components":[{"__type__":"cc.Label","node":{"__id__":11},"_materials":[{"__uuid__":"ecpdLyjvZBwrvm+cedCcQy"}],"_useOriginalSize":false,"_string":"缴纳保释金","_N$string":"缴纳保释金","_fontSize":28,"_N$horizontalAlign":1,"_N$verticalAlign":1}],"_prefab":{"__type__":"cc.PrefabInfo","root":{"__id__":1},"asset":{"__uuid__":"4aeqO3AqVMCK8bjFJt7bV2"},"fileId":"d2ThCQhYpByq9OFmlgHM0x"},"_contentSize":{"__type__":"cc.Size","width":140,"height":50.4},"_trs":{"__type__":"TypedArray","ctor":"Float64Array","array":[0,0,0,0,0,0,1,1,1,1]}}],{"__type__":"cc.SpriteFrame","content":{"name":"centerBg","texture":"5fttNKQg1LcL0FBG9S5Fxp","rect":[0,0,576,36],"offset":[0,0],"originalSize":[576,36],"capInsets":[0,0,0,0]}},{"__type__":"cc.SpriteFrame","content":{"name":"titleBg","texture":"87oDbtW0JA2YdCj1Dl7A2d","rect":[0,0,264,102],"offset":[0,0],"originalSize":[264,102],"capInsets":[0,0,0,0]}},{"__type__":"cc.SpriteFrame","content":{"name":"happyBean","texture":"c7a7DbtX1CV6L9E1R6/atn","rect":[3,14,116,102],"offset":[-3,-1],"originalSize":[128,128],"capInsets":[0,0,0,0]}},{"__type__":"cc.SpriteFrame","content":{"name":"longBtn","texture":"4e07ZCRPhIqK4QfHH/PEXv","rect":[0,0,432,108],"offset":[0,0],"originalSize":[432,108],"capInsets":[0,0,0,0]}},[{"__type__":"cc.Prefab","_name":"housePre","data":{"__id__":1}},{"__type__":"cc.Node","_name":"housePre","_children":[{"__id__":2},{"__id__":7},{"__id__":8},{"__id__":18}],"_components":[{"__type__":"cc.Sprite","node":{"__id__":1},"_materials":[{"__uuid__":"ecpdLyjvZBwrvm+cedCcQy"}],"_type":1,"_sizeMode":0},{"__type__":"cc.Layout","node":{"__id__":1},"_layoutSize":{"__type__":"cc.Size","width":576,"height":243.44},"_resize":1,"_N$layoutType":2},{"__type__":"122d2VlGaNCX6RQY3SgO2YY","node":{"__id__":1},"layoutTemplate":{"__uuid__":"2bh4ds4ThCEY7hGT4mvR4i"},"countDown":{"__id__":17},"currentPrice":{"__id__":13}}],"_prefab":{"__type__":"cc.PrefabInfo","root":{"__id__":1},"asset":{"__uuid__":"75RjT3eCBP6rr5VZxwdpLG"},"fileId":"eaFol7KUlOVYsPv6XX1Q8j"},"_contentSize":{"__type__":"cc.Size","width":576,"height":243.44},"_trs":{"__type__":"TypedArray","ctor":"Float64Array","array":[372.155,280.642,0,0,0,0,1,1,1,1]}},{"__type__":"cc.Node","_name":"titleLayout","_parent":{"__id__":1},"_children":[{"__id__":3},{"__id__":4},{"__id__":5},{"__id__":6}],"_components":[{"__type__":"cc.Sprite","node":{"__id__":2},"_materials":[{"__uuid__":"ecpdLyjvZBwrvm+cedCcQy"}],"_type":1,"_sizeMode":0},{"__type__":"cc.Layout","node":{"__id__":2},"_layoutSize":{"__type__":"cc.Size","width":576,"height":60},"_N$paddingLeft":32,"_N$paddingRight":32}],"_prefab":{"__type__":"cc.PrefabInfo","root":{"__id__":1},"asset":{"__uuid__":"75RjT3eCBP6rr5VZxwdpLG"},"fileId":"cfdK6G0mNB0YKXEU3Cc+om"},"_contentSize":{"__type__":"cc.Size","width":576,"height":60},"_trs":{"__type__":"TypedArray","ctor":"Float64Array","array":[0,91.72,0,0,0,0,1,1,1,1]}},{"__type__":"cc.Node","_name":"titleLevel","_parent":{"__id__":2},"_components":[{"__type__":"cc.Label","node":{"__id__":3},"_materials":[{"__uuid__":"ecpdLyjvZBwrvm+cedCcQy"}],"_useOriginalSize":false,"_string":"土地等级","_N$string":"土地等级","_fontSize":28,"_N$horizontalAlign":1,"_N$verticalAlign":1}],"_prefab":{"__type__":"cc.PrefabInfo","root":{"__id__":1},"asset":{"__uuid__":"75RjT3eCBP6rr5VZxwdpLG"},"fileId":"fblCB8GgxN9qG9/xi5tMYw"},"_color":{"__type__":"cc.Color","r":170,"g":81},"_contentSize":{"__type__":"cc.Size","width":112,"height":50.4},"_trs":{"__type__":"TypedArray","ctor":"Float64Array","array":[-180,10,0,0,0,0,1,1,1,1]}},{"__type__":"cc.Node","_name":"titleLevel","_parent":{"__id__":2},"_components":[{"__type__":"cc.Label","node":{"__id__":4},"_materials":[{"__uuid__":"ecpdLyjvZBwrvm+cedCcQy"}],"_useOriginalSize":false,"_string":"通行费","_N$string":"通行费","_fontSize":28,"_N$horizontalAlign":1,"_N$verticalAlign":1}],"_prefab":{"__type__":"cc.PrefabInfo","root":{"__id__":1},"asset":{"__uuid__":"75RjT3eCBP6rr5VZxwdpLG"},"fileId":"7f8uLNMEVFX4OxayX0yCvy"},"_color":{"__type__":"cc.Color","r":170,"g":81},"_contentSize":{"__type__":"cc.Size","width":84,"height":50.4},"_trs":{"__type__":"TypedArray","ctor":"Float64Array","array":[0,10,0,0,0,0,1,1,1,1]}},{"__type__":"cc.Node","_name":"titleLevel","_parent":{"__id__":2},"_components":[{"__type__":"cc.Label","node":{"__id__":5},"_materials":[{"__uuid__":"ecpdLyjvZBwrvm+cedCcQy"}],"_useOriginalSize":false,"_string":"购买价格","_N$string":"购买价格","_fontSize":28,"_N$horizontalAlign":1,"_N$verticalAlign":1}],"_prefab":{"__type__":"cc.PrefabInfo","root":{"__id__":1},"asset":{"__uuid__":"75RjT3eCBP6rr5VZxwdpLG"},"fileId":"67/bHHGR1HmpllS32hi2UC"},"_color":{"__type__":"cc.Color","r":170,"g":81},"_contentSize":{"__type__":"cc.Size","width":112,"height":50.4},"_trs":{"__type__":"TypedArray","ctor":"Float64Array","array":[180,10,0,0,0,0,1,1,1,1]}},{"__type__":"cc.Node","_name":"underline","_parent":{"__id__":2},"_components":[{"__type__":"cc.Sprite","node":{"__id__":6},"_materials":[{"__uuid__":"ecpdLyjvZBwrvm+cedCcQy"}],"_spriteFrame":{"__uuid__":"a2MjXRFdtLlYQ5ouAFv/+R"},"_sizeMode":0}],"_prefab":{"__type__":"cc.PrefabInfo","root":{"__id__":1},"asset":{"__uuid__":"75RjT3eCBP6rr5VZxwdpLG"},"fileId":"5cekQ68FBK/ZErgf3yJCmq"},"_color":{"__type__":"cc.Color","r":227,"g":201,"b":164},"_contentSize":{"__type__":"cc.Size","width":480,"height":1},"_trs":{"__type__":"TypedArray","ctor":"Float64Array","array":[0,-25,0,0,0,0,1,1,1,1]}},{"__type__":"cc.Node","_name":"containerLayout","_parent":{"__id__":1},"_components":[{"__type__":"cc.Sprite","node":{"__id__":7},"_materials":[{"__uuid__":"ecpdLyjvZBwrvm+cedCcQy"}],"_type":1,"_sizeMode":0},{"__type__":"cc.Layout","node":{"__id__":7},"_layoutSize":{"__type__":"cc.Size","width":576},"_resize":1,"_N$layoutType":2,"_N$paddingBottom":30}],"_prefab":{"__type__":"cc.PrefabInfo","root":{"__id__":1},"asset":{"__uuid__":"75RjT3eCBP6rr5VZxwdpLG"},"fileId":"7djfbGES5N9pA6zyyVKhRl"},"_contentSize":{"__type__":"cc.Size","width":576},"_trs":{"__type__":"TypedArray","ctor":"Float64Array","array":[0,61.72,0,0,0,0,1,1,1,1]}},{"__type__":"cc.Node","_name":"longBtn","_parent":{"__id__":1},"_children":[{"__id__":9}],"_components":[{"__type__":"cc.Sprite","node":{"__id__":8},"_materials":[{"__uuid__":"ecpdLyjvZBwrvm+cedCcQy"}],"_spriteFrame":{"__uuid__":"6dg9Ie6+pEJIHHNv4OOQ3v"}}],"_prefab":{"__type__":"cc.PrefabInfo","root":{"__id__":1},"asset":{"__uuid__":"75RjT3eCBP6rr5VZxwdpLG"},"fileId":"4f2B0Rt3ZJ2LI2CR+3WrLd"},"_contentSize":{"__type__":"cc.Size","width":432,"height":108},"_trs":{"__type__":"TypedArray","ctor":"Float64Array","array":[0,7.719999999999999,0,0,0,0,1,1,1,1]}},{"__type__":"cc.Node","_name":"btnLayout","_parent":{"__id__":8},"_children":[{"__id__":10},{"__id__":14},{"__id__":15}],"_components":[{"__type__":"cc.Sprite","node":{"__id__":9},"_materials":[{"__uuid__":"ecpdLyjvZBwrvm+cedCcQy"}],"_type":1,"_sizeMode":0},{"__type__":"cc.Layout","node":{"__id__":9},"_layoutSize":{"__type__":"cc.Size","width":432,"height":108}},{"__type__":"cc.Button","node":{"__id__":9},"clickEvents":[{"__type__":"cc.ClickEvent","target":{"__id__":1},"_componentId":"122d2VlGaNCX6RQY3SgO2YY","handler":"houseAction","customEventData":"0"}]}],"_prefab":{"__type__":"cc.PrefabInfo","root":{"__id__":1},"asset":{"__uuid__":"75RjT3eCBP6rr5VZxwdpLG"},"fileId":"87ZPlVmgdORq4b5lJwd0FP"},"_contentSize":{"__type__":"cc.Size","width":432,"height":108},"_trs":{"__type__":"TypedArray","ctor":"Float64Array","array":[0,0,0,0,0,0,1,1,1,1]}},{"__type__":"cc.Node","_name":"leftLayout","_parent":{"__id__":9},"_children":[{"__id__":11},{"__id__":12}],"_components":[{"__type__":"cc.Sprite","node":{"__id__":10},"_materials":[{"__uuid__":"ecpdLyjvZBwrvm+cedCcQy"}],"_type":1,"_sizeMode":0},{"__type__":"cc.Layout","node":{"__id__":10},"_layoutSize":{"__type__":"cc.Size","width":214,"height":108}}],"_prefab":{"__type__":"cc.PrefabInfo","root":{"__id__":1},"asset":{"__uuid__":"75RjT3eCBP6rr5VZxwdpLG"},"fileId":"c4auOY/X9API+AXR+5yAgm"},"_contentSize":{"__type__":"cc.Size","width":214,"height":108},"_trs":{"__type__":"TypedArray","ctor":"Float64Array","array":[-109,0,0,0,0,0,1,1,1,1]}},{"__type__":"cc.Node","_name":"happyBean","_parent":{"__id__":10},"_components":[{"__type__":"cc.Sprite","node":{"__id__":11},"_materials":[{"__uuid__":"ecpdLyjvZBwrvm+cedCcQy"}],"_spriteFrame":{"__uuid__":"69ykpwClxC44mHp9LJrJLP"},"_sizeMode":0}],"_prefab":{"__type__":"cc.PrefabInfo","root":{"__id__":1},"asset":{"__uuid__":"75RjT3eCBP6rr5VZxwdpLG"},"fileId":"e2S6yh8sxGk4et7sH7vAG4"},"_contentSize":{"__type__":"cc.Size","width":80,"height":70},"_trs":{"__type__":"TypedArray","ctor":"Float64Array","array":[-38,0,0,0,0,0,1,1,1,1]}},{"__type__":"cc.Node","_name":"currentPrice","_parent":{"__id__":10},"_components":[{"__id__":13}],"_prefab":{"__type__":"cc.PrefabInfo","root":{"__id__":1},"asset":{"__uuid__":"75RjT3eCBP6rr5VZxwdpLG"},"fileId":"bd64BMGFdHEaO/Igv2LCr3"},"_color":{"__type__":"cc.Color","r":248,"g":255},"_contentSize":{"__type__":"cc.Size","height":50.4},"_trs":{"__type__":"TypedArray","ctor":"Float64Array","array":[50,0,0,0,0,0,1,1,1,1]}},{"__type__":"cc.Label","node":{"__id__":12},"_materials":[{"__uuid__":"ecpdLyjvZBwrvm+cedCcQy"}],"_useOriginalSize":false,"_fontSize":44,"_N$horizontalAlign":1,"_N$verticalAlign":1},{"__type__":"cc.Node","_name":"line","_parent":{"__id__":9},"_components":[{"__type__":"cc.Sprite","node":{"__id__":14},"_materials":[{"__uuid__":"ecpdLyjvZBwrvm+cedCcQy"}],"_spriteFrame":{"__uuid__":"a2MjXRFdtLlYQ5ouAFv/+R"},"_sizeMode":0}],"_prefab":{"__type__":"cc.PrefabInfo","root":{"__id__":1},"asset":{"__uuid__":"75RjT3eCBP6rr5VZxwdpLG"},"fileId":"62tJUkvaFAdY27Pk6W4C14"},"_color":{"__type__":"cc.Color","r":191,"b":61},"_contentSize":{"__type__":"cc.Size","width":1,"height":52},"_trs":{"__type__":"TypedArray","ctor":"Float64Array","array":[0,0,0,0,0,0,1,1,1,1]}},{"__type__":"cc.Node","_name":"rightLayout","_parent":{"__id__":9},"_children":[{"__id__":16}],"_components":[{"__type__":"cc.Sprite","node":{"__id__":15},"_materials":[{"__uuid__":"ecpdLyjvZBwrvm+cedCcQy"}],"_type":1,"_sizeMode":0},{"__type__":"cc.Layout","node":{"__id__":15},"_layoutSize":{"__type__":"cc.Size","width":214,"height":108}}],"_prefab":{"__type__":"cc.PrefabInfo","root":{"__id__":1},"asset":{"__uuid__":"75RjT3eCBP6rr5VZxwdpLG"},"fileId":"97j58Ep5xA5LzsahuUqxOJ"},"_contentSize":{"__type__":"cc.Size","width":214,"height":108},"_trs":{"__type__":"TypedArray","ctor":"Float64Array","array":[109,0,0,0,0,0,1,1,1,1]}},{"__type__":"cc.Node","_name":"countDown","_parent":{"__id__":15},"_components":[{"__id__":17}],"_prefab":{"__type__":"cc.PrefabInfo","root":{"__id__":1},"asset":{"__uuid__":"75RjT3eCBP6rr5VZxwdpLG"},"fileId":"13KPZ3unhKA7dcWptmme30"},"_contentSize":{"__type__":"cc.Size","height":50.4},"_trs":{"__type__":"TypedArray","ctor":"Float64Array","array":[0,0,0,0,0,0,1,1,1,1]}},{"__type__":"cc.Label","node":{"__id__":16},"_materials":[{"__uuid__":"ecpdLyjvZBwrvm+cedCcQy"}],"_useOriginalSize":false,"_fontSize":36,"_N$horizontalAlign":1,"_N$verticalAlign":1},{"__type__":"cc.Node","_name":"cancelBtn","_parent":{"__id__":1},"_children":[{"__id__":19}],"_components":[{"__type__":"cc.Sprite","node":{"__id__":18},"_materials":[{"__uuid__":"ecpdLyjvZBwrvm+cedCcQy"}],"_type":1,"_sizeMode":0},{"__type__":"cc.Layout","node":{"__id__":18},"_layoutSize":{"__type__":"cc.Size","width":576,"height":75.44},"_resize":1,"_N$layoutType":2,"_N$paddingTop":20},{"__type__":"cc.Button","node":{"__id__":18},"clickEvents":[{"__type__":"cc.ClickEvent","target":{"__id__":1},"_componentId":"122d2VlGaNCX6RQY3SgO2YY","handler":"houseAction","customEventData":"1"}]}],"_prefab":{"__type__":"cc.PrefabInfo","root":{"__id__":1},"asset":{"__uuid__":"75RjT3eCBP6rr5VZxwdpLG"},"fileId":"6eZEqd7WFGaauwcuXx1bom"},"_contentSize":{"__type__":"cc.Size","width":576,"height":75.44},"_trs":{"__type__":"TypedArray","ctor":"Float64Array","array":[0,-84,0,0,0,0,1,1,1,1]}},{"__type__":"cc.Node","_name":"cancelCotent","_parent":{"__id__":18},"_components":[{"__type__":"cc.Label","node":{"__id__":19},"_materials":[{"__uuid__":"ecpdLyjvZBwrvm+cedCcQy"}],"_useOriginalSize":false,"_string":"取消","_N$string":"取消","_fontSize":32,"_lineHeight":44,"_N$horizontalAlign":1,"_N$verticalAlign":1}],"_prefab":{"__type__":"cc.PrefabInfo","root":{"__id__":1},"asset":{"__uuid__":"75RjT3eCBP6rr5VZxwdpLG"},"fileId":"0biUwtrthFCIylrO7VoXzT"},"_color":{"__type__":"cc.Color","r":195,"g":147,"b":37},"_contentSize":{"__type__":"cc.Size","width":64,"height":55.44},"_trs":{"__type__":"TypedArray","ctor":"Float64Array","array":[0,-10,0,0,0,0,1,1,1,1]}}],[{"__type__":"cc.Prefab","_name":"Alert","data":{"__id__":1}},{"__type__":"cc.Node","_name":"Alert","_children":[{"__id__":2}],"_components":[{"__type__":"742c2MHoEZGxKfgUcwpIzE/","node":{"__id__":1},"housePrefab":{"__uuid__":"75RjT3eCBP6rr5VZxwdpLG"},"prisonPrefab":{"__uuid__":"4aeqO3AqVMCK8bjFJt7bV2"},"titleBox":{"__id__":6}},{"__type__":"cc.BlockInputEvents","node":{"__id__":1}}],"_prefab":{"__type__":"cc.PrefabInfo","root":{"__id__":1},"asset":{"__uuid__":"81vIrtfJhGe4hwsO65JnKo"},"fileId":"9aLtmKazlKf6GTNUaAVtvz"},"_contentSize":{"__type__":"cc.Size","width":200},"_trs":{"__type__":"TypedArray","ctor":"Float64Array","array":[0,0,0,0,0,0,1,1,1,1]}},{"__type__":"cc.Node","_name":"container","_parent":{"__id__":1},"_children":[{"__id__":3},{"__id__":10},{"__id__":11}],"_components":[{"__type__":"cc.Sprite","node":{"__id__":2},"_materials":[{"__uuid__":"ecpdLyjvZBwrvm+cedCcQy"}],"_type":1,"_sizeMode":0},{"__type__":"cc.Layout","node":{"__id__":2},"_layoutSize":{"__type__":"cc.Size","width":576,"height":234},"_resize":1,"_N$layoutType":2}],"_prefab":{"__type__":"cc.PrefabInfo","root":{"__id__":1},"asset":{"__uuid__":"81vIrtfJhGe4hwsO65JnKo"},"fileId":"0f6QYrP51LQonSf1gIqg14"},"_contentSize":{"__type__":"cc.Size","width":576,"height":234},"_trs":{"__type__":"TypedArray","ctor":"Float64Array","array":[0,0,0,0,0,0,1,1,1,1]}},{"__type__":"cc.Node","_name":"topBg","_parent":{"__id__":2},"_children":[{"__id__":4},{"__id__":7},{"__id__":8},{"__id__":9}],"_components":[{"__type__":"cc.Sprite","node":{"__id__":3},"_materials":[{"__uuid__":"ecpdLyjvZBwrvm+cedCcQy"}],"_spriteFrame":{"__uuid__":"aaQByFdsJP2otCHvkPjGDx"}}],"_prefab":{"__type__":"cc.PrefabInfo","root":{"__id__":1},"asset":{"__uuid__":"81vIrtfJhGe4hwsO65JnKo"},"fileId":"af/k1X/1tAbpWS8HRiWcQJ"},"_contentSize":{"__type__":"cc.Size","width":576,"height":124},"_trs":{"__type__":"TypedArray","ctor":"Float64Array","array":[0,55,0,0,0,0,1,1,1,1]}},{"__type__":"cc.Node","_name":"titleBg","_parent":{"__id__":3},"_children":[{"__id__":5}],"_components":[{"__type__":"cc.Sprite","node":{"__id__":4},"_materials":[{"__uuid__":"ecpdLyjvZBwrvm+cedCcQy"}],"_spriteFrame":{"__uuid__":"624sPpFhNBH7yqKcRtOquk"}}],"_prefab":{"__type__":"cc.PrefabInfo","root":{"__id__":1},"asset":{"__uuid__":"81vIrtfJhGe4hwsO65JnKo"},"fileId":"cfJjqGgg5DYYY9/vqMGGCW"},"_contentSize":{"__type__":"cc.Size","width":264,"height":102},"_trs":{"__type__":"TypedArray","ctor":"Float64Array","array":[0,60.876,0,0,0,0,1,1,1,1]}},{"__type__":"cc.Node","_name":"titleContent","_parent":{"__id__":4},"_components":[{"__id__":6}],"_prefab":{"__type__":"cc.PrefabInfo","root":{"__id__":1},"asset":{"__uuid__":"81vIrtfJhGe4hwsO65JnKo"},"fileId":"67HoK+7CBBMb54yy87IG01"},"_color":{"__type__":"cc.Color","r":203,"g":76},"_contentSize":{"__type__":"cc.Size","height":50.4},"_trs":{"__type__":"TypedArray","ctor":"Float64Array","array":[0,0,0,0,0,0,1,1,1,1]}},{"__type__":"cc.Label","node":{"__id__":5},"_materials":[{"__uuid__":"ecpdLyjvZBwrvm+cedCcQy"}],"_useOriginalSize":false,"_fontSize":44,"_N$horizontalAlign":1,"_N$verticalAlign":1},{"__type__":"cc.Node","_name":"closeBtn","_parent":{"__id__":3},"_components":[{"__type__":"cc.Sprite","node":{"__id__":7},"_materials":[{"__uuid__":"ecpdLyjvZBwrvm+cedCcQy"}],"_spriteFrame":{"__uuid__":"34FPzqNuJAx6pg7RYu1Bi4"}},{"__type__":"cc.Button","node":{"__id__":7},"clickEvents":[{"__type__":"cc.ClickEvent","target":{"__id__":1},"_componentId":"742c2MHoEZGxKfgUcwpIzE/","handler":"cancelAction"}]}],"_prefab":{"__type__":"cc.PrefabInfo","root":{"__id__":1},"asset":{"__uuid__":"81vIrtfJhGe4hwsO65JnKo"},"fileId":"f8BmV7bVxMuLARO89tB7pA"},"_contentSize":{"__type__":"cc.Size","width":76,"height":76},"_trs":{"__type__":"TypedArray","ctor":"Float64Array","array":[273.899,51.725,0,0,0,0,1,1,1,1]}},{"__type__":"cc.Node","_name":"icon","_parent":{"__id__":3},"_components":[{"__type__":"cc.Sprite","node":{"__id__":8},"_materials":[{"__uuid__":"ecpdLyjvZBwrvm+cedCcQy"}],"_spriteFrame":{"__uuid__":"a5eyS1uLdBUqNQ/gkhHk/w"}}],"_prefab":{"__type__":"cc.PrefabInfo","root":{"__id__":1},"asset":{"__uuid__":"81vIrtfJhGe4hwsO65JnKo"},"fileId":"182vTWzJVKhrxGhvqWClEa"},"_contentSize":{"__type__":"cc.Size","width":64,"height":55},"_trs":{"__type__":"TypedArray","ctor":"Float64Array","array":[-180,-21,0,0,0,0,1,1,1,1]}},{"__type__":"cc.Node","_name":"icon","_parent":{"__id__":3},"_components":[{"__type__":"cc.Sprite","node":{"__id__":9},"_materials":[{"__uuid__":"ecpdLyjvZBwrvm+cedCcQy"}],"_spriteFrame":{"__uuid__":"a5eyS1uLdBUqNQ/gkhHk/w"}}],"_prefab":{"__type__":"cc.PrefabInfo","root":{"__id__":1},"asset":{"__uuid__":"81vIrtfJhGe4hwsO65JnKo"},"fileId":"a1HOvPoPVIT4vIwP4jDe53"},"_contentSize":{"__type__":"cc.Size","width":64,"height":55},"_trs":{"__type__":"TypedArray","ctor":"Float64Array","array":[180,-21,0,0,0,0,1,1,1,1]}},{"__type__":"cc.Node","_name":"centerBg","_parent":{"__id__":2},"_components":[{"__type__":"cc.Sprite","node":{"__id__":10},"_materials":[{"__uuid__":"ecpdLyjvZBwrvm+cedCcQy"}],"_spriteFrame":{"__uuid__":"505x9wRzlK252jGwIar52p"},"_type":1,"_sizeMode":0},{"__type__":"cc.Layout","node":{"__id__":10},"_layoutSize":{"__type__":"cc.Size","width":576,"height":50},"_resize":1,"_N$layoutType":2}],"_prefab":{"__type__":"cc.PrefabInfo","root":{"__id__":1},"asset":{"__uuid__":"81vIrtfJhGe4hwsO65JnKo"},"fileId":"ffPbmhrg1Ng6Wyww3Y6JYS"},"_contentSize":{"__type__":"cc.Size","width":576,"height":50},"_trs":{"__type__":"TypedArray","ctor":"Float64Array","array":[0,-32,0,0,0,0,1,1,1,1]}},{"__type__":"cc.Node","_name":"bottomBg","_parent":{"__id__":2},"_components":[{"__type__":"cc.Sprite","node":{"__id__":11},"_materials":[{"__uuid__":"ecpdLyjvZBwrvm+cedCcQy"}],"_spriteFrame":{"__uuid__":"ecgGC08T9KLp2nVMv9OW/h"}}],"_prefab":{"__type__":"cc.PrefabInfo","root":{"__id__":1},"asset":{"__uuid__":"81vIrtfJhGe4hwsO65JnKo"},"fileId":"08VbxwFzNJq6aIsO0JvGPK"},"_contentSize":{"__type__":"cc.Size","width":576,"height":60},"_trs":{"__type__":"TypedArray","ctor":"Float64Array","array":[0,-87,0,0,0,0,1,1,1,1]}}],{"__type__":"cc.SpriteFrame","content":{"name":"default_sprite_splash","texture":"02delMVqdBD70a/HSD99FK","rect":[0,0,2,2],"offset":[0,0],"originalSize":[2,2],"capInsets":[0,0,0,0]}},{"__type__":"cc.SpriteFrame","content":{"name":"icon","texture":"91Pf8hCptAhJQvsilS9ddL","rect":[0,0,64,55],"offset":[0,0.5],"originalSize":[64,56],"capInsets":[0,0,0,0]}},{"__type__":"cc.SpriteFrame","content":{"name":"topBg","texture":"635QGl7BNPTYUd8onqq6Kw","rect":[0,0,576,124],"offset":[0,0],"originalSize":[576,124],"capInsets":[0,0,0,0]}},{"__type__":"cc.SpriteFrame","content":{"name":"bottomBg","texture":"57kE7b4V1IT7XHlP4EU3kz","rect":[0,0,576,60],"offset":[0,0],"originalSize":[576,60],"capInsets":[0,0,0,0]}},{"__type__":"cc.SpriteFrame","content":{"name":"happyBean","texture":"d7l0T+9S5OT46gwsUSp2LK","rect":[0,0,128,128],"offset":[0,0],"originalSize":[128,128],"capInsets":[0,0,0,0]}}]