[{"__type__":"cc.SpriteFrame","content":{"name":"save_btn","texture":"07y2TaKylOS6RPrzcnOTFr","rect":[1,0,526,140],"offset":[0,0],"originalSize":[528,140],"capInsets":[0,0,0,0]}},{"__type__":"cc.SpriteFrame","content":{"name":"happyBean","texture":"d109BvlRhPi4G5JnC3fasg","rect":[3,5,30,31],"offset":[0,-2.5],"originalSize":[36,36],"capInsets":[0,0,0,0]}},{"__type__":"cc.SpriteFrame","content":{"name":"btn_left","texture":"e0WiAUja1K5JN+jZuPhDvS","rect":[0,0,64,64],"offset":[0,0],"originalSize":[64,64],"capInsets":[0,0,0,0]}},[{"__type__":"cc.SceneAsset","_name":"settingScene","scene":{"__id__":1},"asyncLoadAssets":null},{"__type__":"cc.Scene","_name":"New Node","_children":[{"__id__":2}],"_active":false,"_anchorPoint":{"__type__":"cc.Vec2"},"_trs":{"__type__":"TypedArray","ctor":"Float64Array","array":[0,0,0,0,0,0,1,1,1,1]},"autoReleaseAssets":false},{"__type__":"cc.Node","_name":"Canvas","_parent":{"__id__":1},"_children":[{"__id__":3},{"__id__":4}],"_components":[{"__type__":"cc.Canvas","node":{"__id__":2},"_designResolution":{"__type__":"cc.Size","width":750,"height":860},"_fitWidth":true},{"__type__":"cc.Widget","node":{"__id__":2},"_alignFlags":45},{"__type__":"bf7dbDODCNL9quGGClWR3mJ","node":{"__id__":2},"multipleItemPrefab":{"__uuid__":"f6CBA6PatFw7bEsTlpNmvW"},"activedItemPrefab":{"__uuid__":"d8OKT2A4pO17vy78270IP5"},"labelItemPrefab":{"__uuid__":"827efK26dBzKO4DOuMLcsu"},"entranceFee":{"__id__":13},"roundNum":{"__id__":24}}],"_contentSize":{"__type__":"cc.Size","width":750,"height":860},"_trs":{"__type__":"TypedArray","ctor":"Float64Array","array":[375,430,0,0,0,0,1,1,1,1]},"_id":"a5esZu+45LA5mBpvttspPD"},{"__type__":"cc.Node","_name":"Main Camera","_parent":{"__id__":2},"_components":[{"__type__":"cc.Camera","node":{"__id__":3},"_clearFlags":7,"_depth":-1}],"_contentSize":{"__type__":"cc.Size","width":960,"height":640},"_trs":{"__type__":"TypedArray","ctor":"Float64Array","array":[0,0,368.2908346062667,0,0,0,1,1,1,1]}},{"__type__":"cc.Node","_name":"settingContainer","_parent":{"__id__":2},"_children":[{"__id__":5},{"__id__":7},{"__id__":14},{"__id__":15},{"__id__":27},{"__id__":30}],"_components":[{"__type__":"cc.Layout","node":{"__id__":4},"_layoutSize":{"__type__":"cc.Size","width":560,"height":844},"_N$layoutType":2,"_N$paddingTop":30,"_N$spacingY":18},{"__type__":"fc5600u+uJEsJWhYtODIjoZ","node":{"__id__":4},"radius":24},{"__type__":"cc.Graphics","node":{"__id__":4},"_materials":[{"__uuid__":"6fgBCSDDdPMInvyNlggls2"}]}],"_contentSize":{"__type__":"cc.Size","width":560,"height":844},"_trs":{"__type__":"TypedArray","ctor":"Float64Array","array":[0,0,0,0,0,0,1,1,1,1]}},{"__type__":"cc.Node","_name":"title","_parent":{"__id__":4},"_children":[{"__id__":6}],"_components":[{"__type__":"cc.Label","node":{"__id__":5},"_materials":[{"__uuid__":"ecpdLyjvZBwrvm+cedCcQy"}],"_useOriginalSize":false,"_string":"大富翁多人模式设置","_N$string":"大富翁多人模式设置","_fontSize":34,"_lineHeight":52.2,"_styleFlags":1,"_N$horizontalAlign":1,"_N$verticalAlign":1}],"_color":{"__type__":"cc.Color","r":51,"g":51,"b":51},"_contentSize":{"__type__":"cc.Size","width":306,"height":65.52},"_trs":{"__type__":"TypedArray","ctor":"Float64Array","array":[0,359.24,0,0,0,0,1,1,1,1]}},{"__type__":"cc.Node","_name":"close","_parent":{"__id__":5},"_components":[{"__type__":"cc.Sprite","node":{"__id__":6},"_materials":[{"__uuid__":"ecpdLyjvZBwrvm+cedCcQy"}],"_spriteFrame":{"__uuid__":"datZ2wAvtGDrfaEsH/Jojg"}}],"_contentSize":{"__type__":"cc.Size","width":24,"height":24},"_trs":{"__type__":"TypedArray","ctor":"Float64Array","array":[234.948,23.683,0,0,0,0,1,1,1,1]}},{"__type__":"cc.Node","_name":"admissionLayout","_parent":{"__id__":4},"_children":[{"__id__":8},{"__id__":9},{"__id__":10}],"_components":[{"__type__":"cc.Sprite","node":{"__id__":7},"_materials":[{"__uuid__":"ecpdLyjvZBwrvm+cedCcQy"}],"_type":1,"_sizeMode":0},{"__type__":"cc.Layout","node":{"__id__":7},"_layoutSize":{"__type__":"cc.Size","width":480,"height":70}}],"_contentSize":{"__type__":"cc.Size","width":480,"height":70},"_trs":{"__type__":"TypedArray","ctor":"Float64Array","array":[0,273.48,0,0,0,0,1,1,1,1]}},{"__type__":"cc.Node","_name":"admissionTitle","_parent":{"__id__":7},"_components":[{"__type__":"cc.Label","node":{"__id__":8},"_materials":[{"__uuid__":"ecpdLyjvZBwrvm+cedCcQy"}],"_useOriginalSize":false,"_string":"入场费","_N$string":"入场费","_fontSize":30,"_lineHeight":42,"_N$horizontalAlign":1,"_N$verticalAlign":1}],"_color":{"__type__":"cc.Color","r":51,"g":51,"b":51},"_contentSize":{"__type__":"cc.Size","width":90,"height":52.92},"_trs":{"__type__":"TypedArray","ctor":"Float64Array","array":[-195,20,0,0,0,0,1,1,1,1]}},{"__type__":"cc.Node","_name":"tipsLabel","_parent":{"__id__":7},"_components":[{"__type__":"cc.Label","node":{"__id__":9},"_materials":[{"__uuid__":"ecpdLyjvZBwrvm+cedCcQy"}],"_useOriginalSize":false,"_string":"10ME币=100欢乐豆","_N$string":"10ME币=100欢乐豆","_fontSize":20,"_lineHeight":28,"_N$horizontalAlign":1,"_N$verticalAlign":1}],"_opacity":102,"_color":{"__type__":"cc.Color"},"_contentSize":{"__type__":"cc.Size","width":177.29,"height":35.28},"_trs":{"__type__":"TypedArray","ctor":"Float64Array","array":[-151.264,-21.278,0,0,0,0,1,1,1,1]}},{"__type__":"cc.Node","_name":"feeLayout","_parent":{"__id__":7},"_children":[{"__id__":11},{"__id__":12}],"_components":[{"__type__":"cc.Sprite","node":{"__id__":10},"_materials":[{"__uuid__":"ecpdLyjvZBwrvm+cedCcQy"}],"_type":1,"_sizeMode":0},{"__type__":"cc.Layout","node":{"__id__":10},"_layoutSize":{"__type__":"cc.Size","width":116.74,"height":44},"_resize":1,"_N$layoutType":1,"_N$spacingX":10}],"_contentSize":{"__type__":"cc.Size","width":116.74,"height":44},"_trs":{"__type__":"TypedArray","ctor":"Float64Array","array":[178.963,20,0,0,0,0,1,1,1,1]}},{"__type__":"cc.Node","_name":"happyBean","_parent":{"__id__":10},"_components":[{"__type__":"cc.Sprite","node":{"__id__":11},"_materials":[{"__uuid__":"ecpdLyjvZBwrvm+cedCcQy"}],"_spriteFrame":{"__uuid__":"08LIqvOJ5IG6UrvSci8CBB"},"_sizeMode":0}],"_contentSize":{"__type__":"cc.Size","width":40,"height":40},"_trs":{"__type__":"TypedArray","ctor":"Float64Array","array":[-38.370000000000005,0,0,0,0,0,1,1,1,1]}},{"__type__":"cc.Node","_name":"feePrice","_objFlags":512,"_parent":{"__id__":10},"_components":[{"__id__":13}],"_color":{"__type__":"cc.Color","r":255,"g":187,"b":104},"_contentSize":{"__type__":"cc.Size","width":66.74,"height":52.92},"_trs":{"__type__":"TypedArray","ctor":"Float64Array","array":[24.999999999999993,0,0,0,0,0,1,1,1,1]}},{"__type__":"cc.Label","node":{"__id__":12},"_materials":[{"__uuid__":"ecpdLyjvZBwrvm+cedCcQy"}],"_useOriginalSize":false,"_string":"1000","_N$string":"1000","_fontSize":30,"_lineHeight":42,"_N$horizontalAlign":1,"_N$verticalAlign":1},{"__type__":"cc.Node","_name":"multipleLayout","_parent":{"__id__":4},"_components":[{"__type__":"cc.Sprite","node":{"__id__":14},"_materials":[{"__uuid__":"ecpdLyjvZBwrvm+cedCcQy"}],"_type":1,"_sizeMode":0},{"__type__":"cc.Layout","node":{"__id__":14},"_layoutSize":{"__type__":"cc.Size","width":480,"height":130},"_N$layoutType":3,"_N$spacingX":24,"_N$spacingY":16}],"_color":{"__type__":"cc.Color","r":48,"g":40,"b":40},"_contentSize":{"__type__":"cc.Size","width":480,"height":130},"_trs":{"__type__":"TypedArray","ctor":"Float64Array","array":[0,155.48000000000002,0,0,0,0,1,1,1,1]}},{"__type__":"cc.Node","_name":"roundBox","_parent":{"__id__":4},"_children":[{"__id__":16},{"__id__":17}],"_components":[{"__type__":"cc.Sprite","node":{"__id__":15},"_materials":[{"__uuid__":"ecpdLyjvZBwrvm+cedCcQy"}],"_type":1,"_sizeMode":0},{"__type__":"cc.Layout","node":{"__id__":15},"_layoutSize":{"__type__":"cc.Size","width":480,"height":90}}],"_contentSize":{"__type__":"cc.Size","width":480,"height":90},"_trs":{"__type__":"TypedArray","ctor":"Float64Array","array":[0,27.480000000000018,0,0,0,0,1,1,1,1]}},{"__type__":"cc.Node","_name":"New Label","_parent":{"__id__":15},"_components":[{"__type__":"cc.Label","node":{"__id__":16},"_materials":[{"__uuid__":"ecpdLyjvZBwrvm+cedCcQy"}],"_useOriginalSize":false,"_string":"回合数","_N$string":"回合数","_fontSize":30,"_N$horizontalAlign":1,"_N$verticalAlign":1}],"_color":{"__type__":"cc.Color","r":51,"g":51,"b":51},"_contentSize":{"__type__":"cc.Size","width":90,"height":50.4},"_trs":{"__type__":"TypedArray","ctor":"Float64Array","array":[-195,-10,0,0,0,0,1,1,1,1]}},{"__type__":"cc.Node","_name":"New Layout","_parent":{"__id__":15},"_children":[{"__id__":18},{"__id__":20},{"__id__":25}],"_components":[{"__type__":"cc.Sprite","node":{"__id__":17},"_materials":[{"__uuid__":"ecpdLyjvZBwrvm+cedCcQy"}],"_type":1,"_sizeMode":0},{"__type__":"cc.Layout","node":{"__id__":17},"_layoutSize":{"__type__":"cc.Size","width":212,"height":64},"_resize":1,"_N$layoutType":1}],"_contentSize":{"__type__":"cc.Size","width":212,"height":64},"_trs":{"__type__":"TypedArray","ctor":"Float64Array","array":[132.99,-10,0,0,0,0,1,1,1,1]}},{"__type__":"cc.Node","_name":"btn_left","_parent":{"__id__":17},"_children":[{"__id__":19}],"_components":[{"__type__":"cc.Sprite","node":{"__id__":18},"_materials":[{"__uuid__":"ecpdLyjvZBwrvm+cedCcQy"}],"_spriteFrame":{"__uuid__":"10Du0/cnFODYzKRQkYQnfH"}},{"__type__":"cc.Button","node":{"__id__":18},"clickEvents":[{"__type__":"cc.ClickEvent","target":{"__id__":2},"_componentId":"bf7dbDODCNL9quGGClWR3mJ","handler":"changeAllRound","customEventData":"reduce"}]}],"_contentSize":{"__type__":"cc.Size","width":64,"height":64},"_trs":{"__type__":"TypedArray","ctor":"Float64Array","array":[-74,0,0,0,0,0,1,1,1,1]}},{"__type__":"cc.Node","_name":"reduce","_parent":{"__id__":18},"_components":[{"__type__":"cc.Sprite","node":{"__id__":19},"_materials":[{"__uuid__":"ecpdLyjvZBwrvm+cedCcQy"}],"_spriteFrame":{"__uuid__":"7dNXA6UBhN5rI8a97d2XVJ"}}],"_contentSize":{"__type__":"cc.Size","width":16,"height":4},"_trs":{"__type__":"TypedArray","ctor":"Float64Array","array":[0,0,0,0,0,0,1,1,1,1]}},{"__type__":"cc.Node","_name":"btn_center","_parent":{"__id__":17},"_children":[{"__id__":21}],"_components":[{"__type__":"cc.Sprite","node":{"__id__":20},"_materials":[{"__uuid__":"ecpdLyjvZBwrvm+cedCcQy"}],"_spriteFrame":{"__uuid__":"e7lQ16PK5Gmbz2xKj1Xf2n"}}],"_contentSize":{"__type__":"cc.Size","width":84,"height":64},"_trs":{"__type__":"TypedArray","ctor":"Float64Array","array":[0,0,0,0,0,0,1,1,1,1]}},{"__type__":"cc.Node","_name":"New EditBox","_parent":{"__id__":20},"_children":[{"__id__":22}],"_components":[{"__id__":24}],"_contentSize":{"__type__":"cc.Size","width":84,"height":60},"_trs":{"__type__":"TypedArray","ctor":"Float64Array","array":[0,0,0,0,0,0,1,1,1,1]}},{"__type__":"cc.Node","_name":"TEXT_LABEL","_objFlags":512,"_parent":{"__id__":21},"_active":false,"_components":[{"__id__":23},{"__type__":"cc.Widget","node":{"__id__":22},"alignMode":0,"_alignFlags":45,"_left":2,"_originalWidth":158,"_originalHeight":40}],"_color":{"__type__":"cc.Color","r":51,"g":51,"b":51},"_contentSize":{"__type__":"cc.Size","width":82,"height":60},"_anchorPoint":{"__type__":"cc.Vec2","y":1},"_trs":{"__type__":"TypedArray","ctor":"Float64Array","array":[-40,30,0,0,0,0,1,1,1,1]}},{"__type__":"cc.Label","node":{"__id__":22},"_materials":[{"__uuid__":"ecpdLyjvZBwrvm+cedCcQy"}],"_fontSize":20,"_lineHeight":25,"_enableWrapText":false,"_N$horizontalAlign":1,"_N$verticalAlign":1,"_N$overflow":1},{"__type__":"cc.EditBox","node":{"__id__":21},"_useOriginalSize":false,"maxLength":8,"editingDidEnded":[{"__type__":"cc.ClickEvent","target":{"__id__":2},"_componentId":"bf7dbDODCNL9quGGClWR3mJ","handler":"editAllRound"}],"_N$textLabel":{"__id__":23},"_N$inputMode":6},{"__type__":"cc.Node","_name":"btn_right","_parent":{"__id__":17},"_children":[{"__id__":26}],"_components":[{"__type__":"cc.Sprite","node":{"__id__":25},"_materials":[{"__uuid__":"ecpdLyjvZBwrvm+cedCcQy"}],"_spriteFrame":{"__uuid__":"a2VwRGcIlHJ5jSPw0X9845"}},{"__type__":"cc.Button","node":{"__id__":25},"clickEvents":[{"__type__":"cc.ClickEvent","target":{"__id__":2},"_componentId":"bf7dbDODCNL9quGGClWR3mJ","handler":"changeAllRound","customEventData":"add"}]}],"_contentSize":{"__type__":"cc.Size","width":64,"height":64},"_trs":{"__type__":"TypedArray","ctor":"Float64Array","array":[74,0,0,0,0,0,1,1,1,1]}},{"__type__":"cc.Node","_name":"add","_parent":{"__id__":25},"_components":[{"__type__":"cc.Sprite","node":{"__id__":26},"_materials":[{"__uuid__":"ecpdLyjvZBwrvm+cedCcQy"}],"_spriteFrame":{"__uuid__":"1bMd9e4O5BPY6SRFQTQlmB"}}],"_contentSize":{"__type__":"cc.Size","width":16,"height":16},"_trs":{"__type__":"TypedArray","ctor":"Float64Array","array":[0,0,0,0,0,0,1,1,1,1]}},{"__type__":"cc.Node","_name":"ruleBox","_parent":{"__id__":4},"_children":[{"__id__":28},{"__id__":29}],"_components":[{"__type__":"cc.Graphics","node":{"__id__":27},"_materials":[{"__uuid__":"6fgBCSDDdPMInvyNlggls2"}]},{"__type__":"fc5600u+uJEsJWhYtODIjoZ","node":{"__id__":27},"radius":12},{"__type__":"cc.Layout","node":{"__id__":27},"_N$layoutType":2,"_N$paddingTop":12,"_N$spacingX":20,"_N$spacingY":10}],"_color":{"__type__":"cc.Color","r":255,"g":247,"b":237},"_contentSize":{"__type__":"cc.Size","width":480,"height":220},"_trs":{"__type__":"TypedArray","ctor":"Float64Array","array":[0,-145.51999999999998,0,0,0,0,1,1,1,1]}},{"__type__":"cc.Node","_name":"ruleTitle","_parent":{"__id__":27},"_components":[{"__type__":"cc.Label","node":{"__id__":28},"_materials":[{"__uuid__":"ecpdLyjvZBwrvm+cedCcQy"}],"_useOriginalSize":false,"_string":"胜利条件","_N$string":"胜利条件","_fontSize":28,"_styleFlags":1,"_N$horizontalAlign":1,"_N$verticalAlign":1}],"_color":{"__type__":"cc.Color","r":255,"g":187,"b":104},"_contentSize":{"__type__":"cc.Size","width":112,"height":50.4},"_trs":{"__type__":"TypedArray","ctor":"Float64Array","array":[0,72.8,0,0,0,0,1,1,1,1]}},{"__type__":"cc.Node","_name":"ruleContentBox","_parent":{"__id__":27},"_components":[{"__type__":"cc.Sprite","node":{"__id__":29},"_materials":[{"__uuid__":"ecpdLyjvZBwrvm+cedCcQy"}],"_type":1,"_sizeMode":0},{"__type__":"cc.Layout","node":{"__id__":29},"_layoutSize":{"__type__":"cc.Size","width":438,"height":63.279999999999994},"_resize":1,"_N$layoutType":2,"_N$spacingY":5}],"_contentSize":{"__type__":"cc.Size","width":438,"height":63.279999999999994},"_trs":{"__type__":"TypedArray","ctor":"Float64Array","array":[0,5.959999999999997,0,0,0,0,1,1,1,1]}},{"__type__":"cc.Node","_name":"saveBtn","_parent":{"__id__":4},"_children":[{"__id__":31},{"__id__":32}],"_components":[{"__type__":"cc.Button","node":{"__id__":30},"clickEvents":[{"__type__":"cc.ClickEvent","target":{"__id__":2},"_componentId":"bf7dbDODCNL9quGGClWR3mJ","handler":"save"}]},{"__type__":"cc.Sprite","node":{"__id__":30},"_materials":[{"__uuid__":"ecpdLyjvZBwrvm+cedCcQy"}],"_spriteFrame":{"__uuid__":"00nBKXCb5MGYH/zAXARId8"},"_sizeMode":0}],"_contentSize":{"__type__":"cc.Size","width":528,"height":140},"_trs":{"__type__":"TypedArray","ctor":"Float64Array","array":[0,-343.52,0,0,0,0,1,1,1,1]}},{"__type__":"cc.Node","_name":"New Label","_parent":{"__id__":30},"_components":[{"__type__":"cc.Label","node":{"__id__":31},"_materials":[{"__uuid__":"ecpdLyjvZBwrvm+cedCcQy"}],"_useOriginalSize":false,"_string":"保存","_N$string":"保存","_fontSize":30,"_N$horizontalAlign":1,"_N$verticalAlign":1}],"_contentSize":{"__type__":"cc.Size","width":60,"height":50.4},"_trs":{"__type__":"TypedArray","ctor":"Float64Array","array":[0,7.877,0,0,0,0,1,1,1,1]}},{"__type__":"cc.Node","_name":"roundNum","_parent":{"__id__":30},"_active":false,"_components":[{"__type__":"cc.Label","node":{"__id__":32},"_materials":[{"__uuid__":"ecpdLyjvZBwrvm+cedCcQy"}],"_useOriginalSize":false,"_fontSize":24,"_enableWrapText":false,"_N$horizontalAlign":1,"_N$verticalAlign":1,"_N$overflow":1}],"_color":{"__type__":"cc.Color","r":51,"g":51,"b":51},"_contentSize":{"__type__":"cc.Size","height":50.4},"_anchorPoint":{"__type__":"cc.Vec2","y":1},"_trs":{"__type__":"TypedArray","ctor":"Float64Array","array":[132.99,361,0,0,0,0,1,1,1,1]}}],{"__type__":"cc.SpriteFrame","content":{"name":"add","texture":"00JpjcLwhCbICIpIt6AhTg","rect":[0,0,16,16],"offset":[0,0],"originalSize":[16,16],"capInsets":[0,0,0,0]}},{"__type__":"cc.SpriteFrame","content":{"name":"reduce","texture":"67JeDLmvBB54xRPKrYf5kC","rect":[0,0,16,4],"offset":[0,0],"originalSize":[16,4],"capInsets":[0,0,0,0]}},[{"__type__":"cc.Prefab","_name":"labelItem","data":{"__id__":1}},{"__type__":"cc.Node","_name":"labelItem","_components":[{"__type__":"cc.Label","node":{"__id__":1},"_materials":[{"__uuid__":"ecpdLyjvZBwrvm+cedCcQy"}],"_useOriginalSize":false,"_fontSize":20,"_lineHeight":28,"_N$verticalAlign":1,"_N$overflow":3}],"_prefab":{"__type__":"cc.PrefabInfo","root":{"__id__":1},"asset":{"__id__":0},"fileId":"62czHvxJZD0rq5JcJhP03P"},"_color":{"__type__":"cc.Color","r":182,"g":141,"b":90},"_contentSize":{"__type__":"cc.Size","width":438,"height":63.279999999999994},"_trs":{"__type__":"TypedArray","ctor":"Float64Array","array":[0,0,0,0,0,0,1,1,1,1]}}],{"__type__":"cc.SpriteFrame","content":{"name":"btn_right","texture":"aaQrVvQopLgpSgN5uPCy9q","rect":[0,0,64,64],"offset":[0,0],"originalSize":[64,64],"capInsets":[0,0,0,0]}},{"__type__":"cc.SpriteFrame","content":{"name":"actived","texture":"d9zzpGRidKF4xiUU5fkFti","rect":[0,0,144,64],"offset":[0,0],"originalSize":[144,64],"capInsets":[0,0,0,0]}},[{"__type__":"cc.Prefab","_name":"activedItem","data":{"__id__":1}},{"__type__":"cc.Node","_name":"actived","_children":[{"__id__":2}],"_components":[{"__type__":"cc.Sprite","node":{"__id__":1},"_materials":[{"__uuid__":"ecpdLyjvZBwrvm+cedCcQy"}],"_spriteFrame":{"__uuid__":"bfR79rYHZHdoc7IU5B1MFK"}}],"_prefab":{"__type__":"cc.PrefabInfo","root":{"__id__":1},"asset":{"__uuid__":"d8OKT2A4pO17vy78270IP5"},"fileId":"2eV5mp5YpGBqfGtvrIUble"},"_contentSize":{"__type__":"cc.Size","width":144,"height":64},"_trs":{"__type__":"TypedArray","ctor":"Float64Array","array":[0,-175.51999999999998,0,0,0,0,1,1,1,1]}},{"__type__":"cc.Node","_name":"content","_parent":{"__id__":1},"_components":[{"__type__":"cc.Label","node":{"__id__":2},"_materials":[{"__uuid__":"ecpdLyjvZBwrvm+cedCcQy"}],"_useOriginalSize":false,"_fontSize":24,"_N$horizontalAlign":1,"_N$verticalAlign":1}],"_prefab":{"__type__":"cc.PrefabInfo","root":{"__id__":1},"asset":{"__uuid__":"d8OKT2A4pO17vy78270IP5"},"fileId":"e5uF7VlC5J8KiidxEu7nPU"},"_contentSize":{"__type__":"cc.Size","height":50.4},"_trs":{"__type__":"TypedArray","ctor":"Float64Array","array":[0,0,0,0,0,0,1,1,1,1]}}],{"__type__":"cc.SpriteFrame","content":{"name":"close","texture":"e4GrQ4SKVAdJ3fzJuYux3b","rect":[6,6,24,24],"offset":[0,0],"originalSize":[36,36],"capInsets":[0,0,0,0]}},{"__type__":"cc.SpriteFrame","content":{"name":"btn_center","texture":"e4cROBN99CY5T61da9dnlz","rect":[0,0,84,64],"offset":[0,0],"originalSize":[84,64],"capInsets":[0,0,0,0]}},[{"__type__":"cc.Prefab","_name":"multipleItem","data":{"__id__":1}},{"__type__":"cc.Node","_name":"multipleItem","_children":[{"__id__":2}],"_components":[{"__type__":"cc.Graphics","node":{"__id__":1},"_materials":[{"__uuid__":"6fgBCSDDdPMInvyNlggls2"}]},{"__type__":"fc5600u+uJEsJWhYtODIjoZ","node":{"__id__":1},"radius":12},{"__type__":"fdfa2ukos9EJZyhA0etk/OH","node":{"__id__":1},"content":{"__id__":4}}],"_prefab":{"__type__":"cc.PrefabInfo","root":{"__id__":1},"asset":{"__uuid__":"f6CBA6PatFw7bEsTlpNmvW"},"fileId":"62fcARzmFNz5KhlLG4sK8M"},"_color":{"__type__":"cc.Color","r":225,"g":228,"b":233},"_contentSize":{"__type__":"cc.Size","width":144,"height":64},"_trs":{"__type__":"TypedArray","ctor":"Float64Array","array":[0,0,0,0,0,0,1,1,1,1]}},{"__type__":"cc.Node","_name":"centerBox","_parent":{"__id__":1},"_children":[{"__id__":3}],"_components":[{"__type__":"cc.Graphics","node":{"__id__":2},"_materials":[{"__uuid__":"6fgBCSDDdPMInvyNlggls2"}]},{"__type__":"fc5600u+uJEsJWhYtODIjoZ","node":{"__id__":2},"radius":12}],"_prefab":{"__type__":"cc.PrefabInfo","root":{"__id__":1},"asset":{"__uuid__":"f6CBA6PatFw7bEsTlpNmvW"},"fileId":"1ffSHTXQhKbocCTHegKEC9"},"_contentSize":{"__type__":"cc.Size","width":142,"height":62},"_trs":{"__type__":"TypedArray","ctor":"Float64Array","array":[0,0,0,0,0,0,1,1,1,1]}},{"__type__":"cc.Node","_name":"content","_parent":{"__id__":2},"_components":[{"__id__":4}],"_prefab":{"__type__":"cc.PrefabInfo","root":{"__id__":1},"asset":{"__uuid__":"f6CBA6PatFw7bEsTlpNmvW"},"fileId":"33sEkyq/ZDzpNT8DYGtLke"},"_color":{"__type__":"cc.Color","r":121,"g":123,"b":126},"_contentSize":{"__type__":"cc.Size","width":61.35,"height":50.4},"_trs":{"__type__":"TypedArray","ctor":"Float64Array","array":[0,0,0,0,0,0,1,1,1,1]}},{"__type__":"cc.Label","node":{"__id__":3},"_materials":[{"__uuid__":"ecpdLyjvZBwrvm+cedCcQy"}],"_useOriginalSize":false,"_string":"5倍场","_N$string":"5倍场","_fontSize":24,"_N$horizontalAlign":1,"_N$verticalAlign":1}]]