[{"__type__":"cc.SpriteFrame","content":{"name":"time_go","texture":"26nA4Fq2dGHr4zRw7dTfdI","rect":[0,0,184,184],"offset":[0,0],"originalSize":[184,184],"capInsets":[0,0,0,0]}},{"__type__":"cc.SpriteFrame","content":{"name":"time_1","texture":"e89sGA9NBJp7R5yHDb0ZdJ","rect":[0,0,184,184],"offset":[0,0],"originalSize":[184,184],"capInsets":[0,0,0,0]}},[{"__type__":"cc.Prefab","_name":"centerCardTipPre","data":{"__id__":1}},{"__type__":"cc.Node","_name":"centerCardTipPre","_children":[{"__id__":2},{"__id__":3}],"_components":[{"__type__":"c275eIkB7tER6mdYzcIYPo0","node":{"__id__":1}}],"_prefab":{"__type__":"cc.PrefabInfo","root":{"__id__":1},"asset":{"__uuid__":"38ESJcrz1L+5rQWFxF3q6H"},"fileId":"48YKnJ3XtDWofAChPjrWnW"},"_trs":{"__type__":"TypedArray","ctor":"Float64Array","array":[0,-433.535,0,0,0,0,1,1,1,1]}},{"__type__":"cc.Node","_name":"cardRule","_parent":{"__id__":1},"_components":[{"__type__":"cc.Label","node":{"__id__":2},"_materials":[{"__uuid__":"ecpdLyjvZBwrvm+cedCcQy"}],"_useOriginalSize":false,"_string":"这是贵州贵州贵规则规则规则规则规则规则规则规则","_N$string":"这是贵州贵州贵规则规则规则规则规则规则规则规则","_fontSize":20,"_lineHeight":28,"_N$horizontalAlign":1,"_N$verticalAlign":1,"_N$fontFamily":"PingFangSC-Regular","_N$overflow":3}],"_prefab":{"__type__":"cc.PrefabInfo","root":{"__id__":1},"asset":{"__uuid__":"38ESJcrz1L+5rQWFxF3q6H"},"fileId":"179OAenDhCILBw67HsjN8M"},"_contentSize":{"__type__":"cc.Size","width":400,"height":63.279999999999994},"_anchorPoint":{"__type__":"cc.Vec2","x":0.5,"y":1},"_trs":{"__type__":"TypedArray","ctor":"Float64Array","array":[0,90,0,0,0,0,1,1,1,1]}},{"__type__":"cc.Node","_name":"cardTypeTitle","_parent":{"__id__":1},"_components":[{"__type__":"cc.Label","node":{"__id__":3},"_materials":[{"__uuid__":"ecpdLyjvZBwrvm+cedCcQy"}],"_useOriginalSize":false,"_string":"请选择需要升级的房屋","_N$string":"请选择需要升级的房屋","_fontSize":26,"_lineHeight":36,"_N$horizontalAlign":1,"_N$verticalAlign":1,"_N$fontFamily":"PingFangSC-Medium"}],"_prefab":{"__type__":"cc.PrefabInfo","root":{"__id__":1},"asset":{"__uuid__":"38ESJcrz1L+5rQWFxF3q6H"},"fileId":"a1nFPtw2NMnqtRVLQH09GY"},"_color":{"__type__":"cc.Color","r":255,"g":210,"b":42},"_contentSize":{"__type__":"cc.Size","width":260,"height":45.36},"_trs":{"__type__":"TypedArray","ctor":"Float64Array","array":[0,-23,0,0,0,0,1,1,1,1]}}],[{"__type__":"cc.Prefab","_name":"startGamePre","data":{"__id__":1}},{"__type__":"cc.Node","_name":"sprite_splash","_children":[{"__id__":2}],"_components":[{"__type__":"cc.Sprite","node":{"__id__":1},"_materials":[{"__uuid__":"ecpdLyjvZBwrvm+cedCcQy"}],"_spriteFrame":{"__uuid__":"a2MjXRFdtLlYQ5ouAFv/+R"},"_sizeMode":0},{"__type__":"c569cTgEqlNDKRV9QVMaBFS","node":{"__id__":1},"time_1":{"__uuid__":"2f8EOZMuVCy4gpgSbyoEcU"},"time_2":{"__uuid__":"aaffagcUhL15vVkCGFFKht"},"time_3":{"__uuid__":"6fMuARdSBJmpsTPTosTr8e"},"time_go":{"__uuid__":"1ciCWD5vhLoaQ24hw4/Wps"}}],"_prefab":{"__type__":"cc.PrefabInfo","root":{"__id__":1},"asset":{"__uuid__":"4bicMAMX5CgJEjBMO01s+k"},"fileId":"e2nfC3VDpHH5Rj/2wLiZwC"},"_trs":{"__type__":"TypedArray","ctor":"Float64Array","array":[0,0,0,0,0,0,1,1,1,1]}},{"__type__":"cc.Node","_name":"New Sprite(Splash)","_parent":{"__id__":1},"_active":false,"_components":[{"__type__":"cc.Sprite","node":{"__id__":2},"_materials":[{"__uuid__":"ecpdLyjvZBwrvm+cedCcQy"}],"_spriteFrame":{"__uuid__":"a2MjXRFdtLlYQ5ouAFv/+R"},"_sizeMode":0}],"_prefab":{"__type__":"cc.PrefabInfo","root":{"__id__":1},"asset":{"__uuid__":"4bicMAMX5CgJEjBMO01s+k"},"fileId":"51yezPTwVJJpv63FQDipVO"},"_opacity":100,"_color":{"__type__":"cc.Color"},"_contentSize":{"__type__":"cc.Size","width":750,"height":1800},"_trs":{"__type__":"TypedArray","ctor":"Float64Array","array":[0,0,0,0,0,0,1,1,1,1]}}],[{"__type__":"cc.Prefab","_name":"centerRoundTipPre","data":{"__id__":1}},{"__type__":"cc.Node","_name":"centerRoundTip","_children":[{"__id__":2},{"__id__":3},{"__id__":4}],"_components":[{"__type__":"6b703JUmixKnrlGbhkQX643","node":{"__id__":1}}],"_prefab":{"__type__":"cc.PrefabInfo","root":{"__id__":1},"asset":{"__uuid__":"62MGNEbYxElofnILQtA8wL"},"fileId":"c7lD2vUVpCaaxS0TTUDH5D"},"_color":{"__type__":"cc.Color","r":9,"g":12,"b":23},"_contentSize":{"__type__":"cc.Size","width":428,"height":104},"_trs":{"__type__":"TypedArray","ctor":"Float64Array","array":[0,0,0,0,0,0,1,1,1,1]}},{"__type__":"cc.Node","_name":"bc","_parent":{"__id__":1},"_components":[{"__type__":"cc.Sprite","node":{"__id__":2},"_materials":[{"__uuid__":"ecpdLyjvZBwrvm+cedCcQy"}],"_spriteFrame":{"__uuid__":"a2MjXRFdtLlYQ5ouAFv/+R"},"_sizeMode":0},{"__type__":"3eb20GNSMNMLZ+gwtGB28Iu","node":{"__id__":2},"_colors":[{"__type__":"cc.Color","a":0},{"__type__":"cc.Color","r":9,"g":12,"b":23},{"__type__":"cc.Color","a":0},{"__type__":"cc.Color","r":9,"g":12,"b":23}]}],"_prefab":{"__type__":"cc.PrefabInfo","root":{"__id__":1},"asset":{"__uuid__":"62MGNEbYxElofnILQtA8wL"},"fileId":"22lhadXIlGMYb0mqXSe2B+"},"_color":{"__type__":"cc.Color","r":9,"g":12,"b":23},"_contentSize":{"__type__":"cc.Size","width":214,"height":104},"_anchorPoint":{"__type__":"cc.Vec2","x":1,"y":0.5},"_trs":{"__type__":"TypedArray","ctor":"Float64Array","array":[0,0,0,0,0,0,1,1,1,1]}},{"__type__":"cc.Node","_name":"bc","_parent":{"__id__":1},"_components":[{"__type__":"cc.Sprite","node":{"__id__":3},"_materials":[{"__uuid__":"ecpdLyjvZBwrvm+cedCcQy"}],"_spriteFrame":{"__uuid__":"a2MjXRFdtLlYQ5ouAFv/+R"},"_sizeMode":0},{"__type__":"3eb20GNSMNMLZ+gwtGB28Iu","node":{"__id__":3},"_colors":[{"__type__":"cc.Color","r":9,"g":12,"b":23},{"__type__":"cc.Color","a":0},{"__type__":"cc.Color","r":9,"g":12,"b":23},{"__type__":"cc.Color","a":0}]}],"_prefab":{"__type__":"cc.PrefabInfo","root":{"__id__":1},"asset":{"__uuid__":"62MGNEbYxElofnILQtA8wL"},"fileId":"c3Gz7xOUZDBq1mNy9vm78v"},"_color":{"__type__":"cc.Color","r":9,"g":12,"b":23},"_contentSize":{"__type__":"cc.Size","width":214,"height":104},"_anchorPoint":{"__type__":"cc.Vec2","y":0.5},"_trs":{"__type__":"TypedArray","ctor":"Float64Array","array":[0,0,0,0,0,0.008726535498373935,0.9999619230641713,1,1,1]},"_eulerAngles":{"__type__":"cc.Vec3","z":1}},{"__type__":"cc.Node","_name":"roundTip","_parent":{"__id__":1},"_components":[{"__type__":"cc.Label","node":{"__id__":4},"_materials":[{"__uuid__":"ecpdLyjvZBwrvm+cedCcQy"}],"_useOriginalSize":false,"_string":"你的回合","_N$string":"你的回合","_fontSize":36,"_lineHeight":36,"_N$horizontalAlign":1,"_N$verticalAlign":1,"_N$fontFamily":"PingFangSC-Medium"}],"_prefab":{"__type__":"cc.PrefabInfo","root":{"__id__":1},"asset":{"__uuid__":"62MGNEbYxElofnILQtA8wL"},"fileId":"a9EaxzHYhD85mwoTvg1fhg"},"_contentSize":{"__type__":"cc.Size","width":144,"height":45.36},"_trs":{"__type__":"TypedArray","ctor":"Float64Array","array":[0,0,0,0,0,0,1,1,1,1]}}],{"__type__":"cc.SpriteFrame","content":{"name":"time_3","texture":"771JPdwutDkbju5c419ylB","rect":[0,0,184,184],"offset":[0,0],"originalSize":[184,184],"capInsets":[0,0,0,0]}},{"__type__":"cc.SpriteFrame","content":{"name":"default_sprite_splash","texture":"02delMVqdBD70a/HSD99FK","rect":[0,0,2,2],"offset":[0,0],"originalSize":[2,2],"capInsets":[0,0,0,0]}},{"__type__":"cc.SpriteFrame","content":{"name":"time_2","texture":"55ZZe9HQ5Lu6qRWwWU0pu4","rect":[0,0,184,184],"offset":[0,0],"originalSize":[184,184],"capInsets":[0,0,0,0]}},[{"__type__":"cc.Prefab","_name":"centerRulePre","data":{"__id__":1}},{"__type__":"cc.Node","_name":"centerRulePre","_children":[{"__id__":2},{"__id__":3},{"__id__":4},{"__id__":5},{"__id__":6},{"__id__":7}],"_prefab":{"__type__":"cc.PrefabInfo","root":{"__id__":1},"asset":{"__uuid__":"abCOLtUxhObq9KUjyrqP4f"},"fileId":"e504WpDthE4YsX51kEyqLi"},"_anchorPoint":{"__type__":"cc.Vec2"},"_trs":{"__type__":"TypedArray","ctor":"Float64Array","array":[0,0,0,0,0,0,1,1,1,1]}},{"__type__":"cc.Node","_name":"ruleTitle","_parent":{"__id__":1},"_components":[{"__type__":"cc.Label","node":{"__id__":2},"_materials":[{"__uuid__":"ecpdLyjvZBwrvm+cedCcQy"}],"_useOriginalSize":false,"_string":"获胜规则","_N$string":"获胜规则","_N$horizontalAlign":1,"_N$verticalAlign":1}],"_prefab":{"__type__":"cc.PrefabInfo","root":{"__id__":1},"asset":{"__uuid__":"abCOLtUxhObq9KUjyrqP4f"},"fileId":"e594OJtMVH4r7Z1ib6HwdJ"},"_contentSize":{"__type__":"cc.Size","width":160,"height":50.4},"_trs":{"__type__":"TypedArray","ctor":"Float64Array","array":[0,40,0,0,0,0,1,1,1,1]}},{"__type__":"cc.Node","_name":"ruleContent","_parent":{"__id__":1},"_components":[{"__type__":"cc.Label","node":{"__id__":3},"_materials":[{"__uuid__":"ecpdLyjvZBwrvm+cedCcQy"}],"_useOriginalSize":false,"_string":"这个是一条规则，规则，规则，哈哈哈啥的哈撒大大记得哈哈师大和","_N$string":"这个是一条规则，规则，规则，哈哈哈啥的哈撒大大记得哈哈师大和","_fontSize":20,"_lineHeight":28,"_N$horizontalAlign":1,"_N$verticalAlign":1,"_N$overflow":3}],"_prefab":{"__type__":"cc.PrefabInfo","root":{"__id__":1},"asset":{"__uuid__":"abCOLtUxhObq9KUjyrqP4f"},"fileId":"dfy5eh1vVLGL5VsBGyqbQk"},"_contentSize":{"__type__":"cc.Size","width":400,"height":63.279999999999994},"_anchorPoint":{"__type__":"cc.Vec2","x":0.5,"y":1},"_trs":{"__type__":"TypedArray","ctor":"Float64Array","array":[0,0,0,0,0,0,1,1,1,1]}},{"__type__":"cc.Node","_name":"square-lef-big","_parent":{"__id__":1},"_components":[{"__type__":"cc.Sprite","node":{"__id__":4},"_materials":[{"__uuid__":"ecpdLyjvZBwrvm+cedCcQy"}],"_spriteFrame":{"__uuid__":"a2MjXRFdtLlYQ5ouAFv/+R"},"_sizeMode":0}],"_prefab":{"__type__":"cc.PrefabInfo","root":{"__id__":1},"asset":{"__uuid__":"abCOLtUxhObq9KUjyrqP4f"},"fileId":"ccWQqzcxJNx74xgO5+Z/17"},"_opacity":178,"_contentSize":{"__type__":"cc.Size","width":50,"height":50},"_anchorPoint":{"__type__":"cc.Vec2"},"_trs":{"__type__":"TypedArray","ctor":"Float64Array","array":[-120,20,0,0,0,0.3826834323650898,0.9238795325112867,0.5,0.5,1]},"_eulerAngles":{"__type__":"cc.Vec3","z":45}},{"__type__":"cc.Node","_name":"square-right-big","_parent":{"__id__":1},"_components":[{"__type__":"cc.Sprite","node":{"__id__":5},"_materials":[{"__uuid__":"ecpdLyjvZBwrvm+cedCcQy"}],"_spriteFrame":{"__uuid__":"a2MjXRFdtLlYQ5ouAFv/+R"},"_sizeMode":0}],"_prefab":{"__type__":"cc.PrefabInfo","root":{"__id__":1},"asset":{"__uuid__":"abCOLtUxhObq9KUjyrqP4f"},"fileId":"b9gR6WgNJLSZ+HgUjrPRxu"},"_opacity":178,"_contentSize":{"__type__":"cc.Size","width":50,"height":50},"_anchorPoint":{"__type__":"cc.Vec2"},"_trs":{"__type__":"TypedArray","ctor":"Float64Array","array":[120,20,0,0,0,0.3826834323650898,0.9238795325112867,0.5,0.5,1]},"_eulerAngles":{"__type__":"cc.Vec3","z":45}},{"__type__":"cc.Node","_name":"square-lef-small","_parent":{"__id__":1},"_components":[{"__type__":"cc.Sprite","node":{"__id__":6},"_materials":[{"__uuid__":"ecpdLyjvZBwrvm+cedCcQy"}],"_spriteFrame":{"__uuid__":"a2MjXRFdtLlYQ5ouAFv/+R"},"_sizeMode":0}],"_prefab":{"__type__":"cc.PrefabInfo","root":{"__id__":1},"asset":{"__uuid__":"abCOLtUxhObq9KUjyrqP4f"},"fileId":"7fJrrwhY5Btr14BzHUj0f9"},"_opacity":86.7,"_contentSize":{"__type__":"cc.Size","width":50,"height":50},"_anchorPoint":{"__type__":"cc.Vec2"},"_trs":{"__type__":"TypedArray","ctor":"Float64Array","array":[140,28,0,0,0,0.3826834323650898,0.9238795325112867,0.3,0.3,1]},"_eulerAngles":{"__type__":"cc.Vec3","z":45}},{"__type__":"cc.Node","_name":"square-right-small","_parent":{"__id__":1},"_components":[{"__type__":"cc.Sprite","node":{"__id__":7},"_materials":[{"__uuid__":"ecpdLyjvZBwrvm+cedCcQy"}],"_spriteFrame":{"__uuid__":"a2MjXRFdtLlYQ5ouAFv/+R"},"_sizeMode":0}],"_prefab":{"__type__":"cc.PrefabInfo","root":{"__id__":1},"asset":{"__uuid__":"abCOLtUxhObq9KUjyrqP4f"},"fileId":"258/t0kzRNPIxe6u740au3"},"_opacity":86.7,"_contentSize":{"__type__":"cc.Size","width":50,"height":50},"_anchorPoint":{"__type__":"cc.Vec2"},"_trs":{"__type__":"TypedArray","ctor":"Float64Array","array":[-140,28,0,0,0,0.3826834323650898,0.9238795325112867,0.3,0.3,1]},"_eulerAngles":{"__type__":"cc.Vec3","z":45}}]]