[[{"__type__":"cc.Prefab","_name":"dice_move","data":{"__id__":1}},{"__type__":"cc.Node","_name":"dice_move","_children":[{"__id__":2}],"_components":[{"__type__":"cc.Animation","node":{"__id__":1},"_defaultClip":{"__uuid__":"471WAAEF5EtLjKiYfBpfig"},"_clips":[{"__uuid__":"471WAAEF5EtLjKiYfBpfig"}],"playOnLoad":true}],"_prefab":{"__type__":"cc.PrefabInfo","root":{"__id__":1},"asset":{"__uuid__":"00aATO4OBPtbUIb3OxT6e/"},"fileId":"ddEg6ieLRMR7H2Hev8JZQE"},"_trs":{"__type__":"TypedArray","ctor":"Float64Array","array":[0,0,0,0,0,0,1,1,1,1]}},{"__type__":"cc.Node","_name":"dice","_parent":{"__id__":1},"_components":[{"__type__":"cc.Sprite","node":{"__id__":2},"_materials":[{"__uuid__":"ecpdLyjvZBwrvm+cedCcQy"}],"_spriteFrame":{"__uuid__":"e3gixxSz5IvJu0ULXa12jO"},"_sizeMode":0},{"__type__":"cc.Animation","node":{"__id__":2},"_defaultClip":{"__uuid__":"d8qqvdD5tHu4Ol2ZdkC0a9"},"_clips":[{"__uuid__":"d8qqvdD5tHu4Ol2ZdkC0a9"}],"playOnLoad":true}],"_prefab":{"__type__":"cc.PrefabInfo","root":{"__id__":1},"asset":{"__uuid__":"00aATO4OBPtbUIb3OxT6e/"},"fileId":"04H8g7KK5CGbG5lJ77zc3h"},"_contentSize":{"__type__":"cc.Size","width":100,"height":95},"_trs":{"__type__":"TypedArray","ctor":"Float64Array","array":[0,2.713,0,0,0,0,1,1,1,1]}}],[{"__type__":"cc.Prefab","_name":"diceResult","data":{"__id__":1}},{"__type__":"cc.Node","_name":"diceResult","_children":[{"__id__":2}],"_components":[{"__type__":"cc.Sprite","node":{"__id__":1},"_materials":[{"__uuid__":"ecpdLyjvZBwrvm+cedCcQy"}],"_spriteFrame":{"__uuid__":"474RAUd05JvrfKhNX1quLe"},"_type":1,"_sizeMode":0},{"__type__":"cc.Layout","node":{"__id__":1},"_layoutSize":{"__type__":"cc.Size","width":144,"height":144}}],"_prefab":{"__type__":"cc.PrefabInfo","root":{"__id__":1},"asset":{"__uuid__":"12tlRa0YtA6a7Jntp/P6mK"},"fileId":"51JX3w70xCSYAC2Ca5hiv9"},"_contentSize":{"__type__":"cc.Size","width":144,"height":144},"_trs":{"__type__":"TypedArray","ctor":"Float64Array","array":[319.206,221.887,0,0,0,0,1,1,1,1]}},{"__type__":"cc.Node","_name":"diceResultText","_parent":{"__id__":1},"_components":[{"__type__":"cc.Label","node":{"__id__":2},"_materials":[{"__uuid__":"ecpdLyjvZBwrvm+cedCcQy"}],"_useOriginalSize":false,"_string":"6","_N$string":"6","_fontSize":76,"_lineHeight":76,"_N$horizontalAlign":1,"_N$verticalAlign":1}],"_prefab":{"__type__":"cc.PrefabInfo","root":{"__id__":1},"asset":{"__uuid__":"12tlRa0YtA6a7Jntp/P6mK"},"fileId":"73kZHOKvNHBpbkj1AqeSJy"},"_color":{"__type__":"cc.Color","r":217,"g":71},"_contentSize":{"__type__":"cc.Size","width":42.27,"height":95.76},"_trs":{"__type__":"TypedArray","ctor":"Float64Array","array":[0,0,0,0,0,0,1,1,1,1]}}],{"__type__":"cc.SpriteFrame","content":{"name":"dice_5","texture":"e0Hs9gry1ILp2yg9FE84Ax","rect":[453,1,140,130],"offset":[4,-1],"originalSize":[174,174],"capInsets":[0,0,0,0]}},{"__type__":"cc.SpriteFrame","content":{"name":"gameJoin","texture":"b3/NwaWHRHwKIqHFyuh0aB","rect":[2,0,80,80],"offset":[1,0],"originalSize":[82,80],"capInsets":[0,0,0,0]}},[{"__type__":"cc.Prefab","_name":"rolePlaying","data":{"__id__":1}},{"__type__":"cc.Node","_name":"rolePlaying","_children":[{"__id__":2},{"__id__":5},{"__id__":8},{"__id__":9},{"__id__":11},{"__id__":12}],"_components":[{"__type__":"cc.Sprite","node":{"__id__":1},"_materials":[{"__uuid__":"ecpdLyjvZBwrvm+cedCcQy"}],"_type":1,"_sizeMode":0},{"__type__":"cc.Layout","node":{"__id__":1},"_layoutSize":{"__type__":"cc.Size","width":180,"height":204}},{"__type__":"02852dXUN1MmoKY/znAjrwc","node":{"__id__":1},"roleChessPrefab":{"__uuid__":"81sHBXXHRCebHQsFOQtORz"},"username":{"__id__":7},"cashValue":{"__id__":10},"assetValue":{"__id__":13}}],"_prefab":{"__type__":"cc.PrefabInfo","root":{"__id__":1},"asset":{"__uuid__":"2bsOCTALtJIIsLzPEXahtC"},"fileId":"b6KO3zMwFHqJrj2HhwMRUW"},"_contentSize":{"__type__":"cc.Size","width":180,"height":204},"_trs":{"__type__":"TypedArray","ctor":"Float64Array","array":[0,0,0,0,0,0,1,1,1,1]}},{"__type__":"cc.Node","_name":"userHeadBg","_parent":{"__id__":1},"_children":[{"__id__":3}],"_components":[{"__type__":"cc.Sprite","node":{"__id__":2},"_materials":[{"__uuid__":"ecpdLyjvZBwrvm+cedCcQy"}],"_spriteFrame":{"__uuid__":"95c6MlNiNNEYPbNDtQVedy"},"_sizeMode":0,"_fillType":2,"_fillCenter":{"__type__":"cc.Vec2","x":0.5,"y":0.5},"_fillStart":0.25,"_fillRange":0.2},{"__type__":"cc.Layout","node":{"__id__":2},"_layoutSize":{"__type__":"cc.Size","width":80,"height":80}}],"_prefab":{"__type__":"cc.PrefabInfo","root":{"__id__":1},"asset":{"__uuid__":"2bsOCTALtJIIsLzPEXahtC"},"fileId":"49DdHbkJhGiod4zVgPQz+l"},"_color":{"__type__":"cc.Color","r":255,"g":93,"b":124},"_contentSize":{"__type__":"cc.Size","width":80,"height":80},"_trs":{"__type__":"TypedArray","ctor":"Float64Array","array":[0,36,0,0,0,0,1,1,1,1]}},{"__type__":"cc.Node","_name":"New Layout","_parent":{"__id__":2},"_children":[{"__id__":4}],"_components":[{"__type__":"cc.Layout","node":{"__id__":3},"_layoutSize":{"__type__":"cc.Size","width":76,"height":76}},{"__type__":"cc.Mask","node":{"__id__":3},"_materials":[{"__uuid__":"ecpdLyjvZBwrvm+cedCcQy"}],"_spriteFrame":{"__uuid__":"95c6MlNiNNEYPbNDtQVedy"},"_type":2,"_N$alphaThreshold":0.2}],"_prefab":{"__type__":"cc.PrefabInfo","root":{"__id__":1},"asset":{"__uuid__":"2bsOCTALtJIIsLzPEXahtC"},"fileId":"c2F7iyFPVCuqyXzy7e3Yew"},"_color":{"__type__":"cc.Color","r":254,"g":254,"b":254},"_contentSize":{"__type__":"cc.Size","width":76,"height":76},"_trs":{"__type__":"TypedArray","ctor":"Float64Array","array":[0,0,0,0,0,0,1,1,1,1]}},{"__type__":"cc.Node","_name":"New Sprite","_parent":{"__id__":3},"_components":[{"__type__":"cc.Sprite","node":{"__id__":4},"_materials":[{"__uuid__":"ecpdLyjvZBwrvm+cedCcQy"}],"_spriteFrame":{"__uuid__":"31vIlawANFZqnzLlSuHBfc"},"_sizeMode":0,"_fillType":2}],"_prefab":{"__type__":"cc.PrefabInfo","root":{"__id__":1},"asset":{"__uuid__":"2bsOCTALtJIIsLzPEXahtC"},"fileId":"21VHWv1LZP/p+FS2Ecmt9K"},"_color":{"__type__":"cc.Color","r":247,"g":246,"b":246},"_contentSize":{"__type__":"cc.Size","width":76,"height":76},"_trs":{"__type__":"TypedArray","ctor":"Float64Array","array":[0,0,0,0,0,0,1,1,1,1]}},{"__type__":"cc.Node","_name":"usernameBg","_parent":{"__id__":1},"_children":[{"__id__":6}],"_components":[{"__type__":"cc.Sprite","node":{"__id__":5},"_materials":[{"__uuid__":"ecpdLyjvZBwrvm+cedCcQy"}],"_spriteFrame":{"__uuid__":"3fJw7dUyNPKJ6wuDyN/V9C"},"_type":1,"_sizeMode":0},{"__type__":"cc.Layout","node":{"__id__":5},"_layoutSize":{"__type__":"cc.Size","width":10,"height":30},"_resize":1,"_N$layoutType":1,"_N$paddingLeft":5,"_N$paddingRight":5}],"_prefab":{"__type__":"cc.PrefabInfo","root":{"__id__":1},"asset":{"__uuid__":"2bsOCTALtJIIsLzPEXahtC"},"fileId":"a9ygQt0GROYbr3qWtLT4mN"},"_contentSize":{"__type__":"cc.Size","width":10,"height":30},"_trs":{"__type__":"TypedArray","ctor":"Float64Array","array":[-1,-1,0,0,0,0,1,1,1,1]}},{"__type__":"cc.Node","_name":"username","_parent":{"__id__":5},"_components":[{"__id__":7}],"_prefab":{"__type__":"cc.PrefabInfo","root":{"__id__":1},"asset":{"__uuid__":"2bsOCTALtJIIsLzPEXahtC"},"fileId":"88uOAAO/xBSoLVJ+d4j+5o"},"_contentSize":{"__type__":"cc.Size","height":20.16},"_trs":{"__type__":"TypedArray","ctor":"Float64Array","array":[0,1,0,0,0,0,1,1,1,1]}},{"__type__":"cc.Label","node":{"__id__":6},"_materials":[{"__uuid__":"ecpdLyjvZBwrvm+cedCcQy"}],"_useOriginalSize":false,"_fontSize":16,"_lineHeight":16,"_N$horizontalAlign":1,"_N$verticalAlign":1},{"__type__":"cc.Node","_name":"cashName","_parent":{"__id__":1},"_components":[{"__type__":"cc.Label","node":{"__id__":8},"_materials":[{"__uuid__":"ecpdLyjvZBwrvm+cedCcQy"}],"_useOriginalSize":false,"_string":"现金：","_N$string":"现金：","_fontSize":18,"_lineHeight":18,"_N$horizontalAlign":1,"_N$verticalAlign":1}],"_prefab":{"__type__":"cc.PrefabInfo","root":{"__id__":1},"asset":{"__uuid__":"2bsOCTALtJIIsLzPEXahtC"},"fileId":"b33jY/G3RETJsE7N9EQv0I"},"_contentSize":{"__type__":"cc.Size","width":54,"height":22.68},"_trs":{"__type__":"TypedArray","ctor":"Float64Array","array":[-16.418,-35.351,0,0,0,0,1,1,1,1]}},{"__type__":"cc.Node","_name":"cashValue","_parent":{"__id__":1},"_components":[{"__id__":10}],"_prefab":{"__type__":"cc.PrefabInfo","root":{"__id__":1},"asset":{"__uuid__":"2bsOCTALtJIIsLzPEXahtC"},"fileId":"a8vfPQhmBBc4TJ/S9A+DYF"},"_contentSize":{"__type__":"cc.Size","width":90.1,"height":22.68},"_anchorPoint":{"__type__":"cc.Vec2"},"_trs":{"__type__":"TypedArray","ctor":"Float64Array","array":[0.902,-45.351,0,0,0,0,1,1,1,1]}},{"__type__":"cc.Label","node":{"__id__":9},"_materials":[{"__uuid__":"ecpdLyjvZBwrvm+cedCcQy"}],"_useOriginalSize":false,"_string":"122222222","_N$string":"122222222","_fontSize":18,"_lineHeight":18,"_N$verticalAlign":1},{"__type__":"cc.Node","_name":"assetName","_parent":{"__id__":1},"_components":[{"__type__":"cc.Label","node":{"__id__":11},"_materials":[{"__uuid__":"ecpdLyjvZBwrvm+cedCcQy"}],"_useOriginalSize":false,"_string":"总资产：","_N$string":"总资产：","_fontSize":18,"_lineHeight":18,"_N$horizontalAlign":1,"_N$verticalAlign":1}],"_prefab":{"__type__":"cc.PrefabInfo","root":{"__id__":1},"asset":{"__uuid__":"2bsOCTALtJIIsLzPEXahtC"},"fileId":"adf4/sHO1Lpo0d7NSo8K5I"},"_color":{"__type__":"cc.Color","r":255,"g":247},"_contentSize":{"__type__":"cc.Size","width":72,"height":22.68},"_trs":{"__type__":"TypedArray","ctor":"Float64Array","array":[-25.127,-60.866,0,0,0,0,1,1,1,1]}},{"__type__":"cc.Node","_name":"assetValue","_parent":{"__id__":1},"_components":[{"__id__":13}],"_prefab":{"__type__":"cc.PrefabInfo","root":{"__id__":1},"asset":{"__uuid__":"2bsOCTALtJIIsLzPEXahtC"},"fileId":"1bVYrZ19lNApxVT21Qca0Z"},"_color":{"__type__":"cc.Color","r":255,"g":247},"_contentSize":{"__type__":"cc.Size","width":10.01,"height":22.68},"_anchorPoint":{"__type__":"cc.Vec2"},"_trs":{"__type__":"TypedArray","ctor":"Float64Array","array":[1.74,-71.866,0,0,0,0,1,1,1,1]}},{"__type__":"cc.Label","node":{"__id__":12},"_materials":[{"__uuid__":"ecpdLyjvZBwrvm+cedCcQy"}],"_useOriginalSize":false,"_string":"1","_N$string":"1","_fontSize":18,"_lineHeight":18,"_N$verticalAlign":1}],{"__type__":"cc.SpriteFrame","content":{"name":"right","texture":"3dZcwxxDZBfai894lS6ZYy","rect":[152,0,76,84],"offset":[0,0],"originalSize":[76,84],"capInsets":[0,0,0,0]}},{"__type__":"cc.SpriteFrame","content":{"name":"HelloWorld","texture":"6aoKpq6+5BVaCIpoemqt7E","rect":[0,0,195,270],"offset":[0,0],"originalSize":[195,270],"capInsets":[0,0,0,0]}},{"__type__":"cc.SpriteFrame","content":{"name":"right","texture":"efgktMQ2hJ35uoElbD9oap","rect":[152,0,76,84],"offset":[0,0],"originalSize":[76,84],"capInsets":[0,0,0,0]}},{"__type__":"cc.SpriteFrame","content":{"name":"top","texture":"dcSzo8qjZFtbEmNU86Sg7l","rect":[228,0,76,84],"offset":[0,0],"originalSize":[76,84],"capInsets":[0,0,0,0]}},{"__type__":"cc.SpriteFrame","content":{"name":"left","texture":"43jyfs5PJESY8ZRuA19RQg","rect":[76,0,76,84],"offset":[0,0],"originalSize":[76,84],"capInsets":[0,0,0,0]}},{"__type__":"cc.AnimationClip","_name":"dice_move - 001","_duration":1,"curveData":{"props":{"position":[{"frame":0,"value":[431,113],"motionPath":[[290,101,338,127,235,71]],"curve":"quartOut"},{"frame":0.3333333333333333,"value":[224,1],"motionPath":[[202,56,220,39,186,72]],"curve":"quartOut"},{"frame":0.6666666666666666,"value":[156,68],"motionPath":[[115,47,126,63,105,32],[104,1,109,4,102,-1],[79,13,91,13,65,13]],"curve":[0.4,0.4,0.6,0.6]},{"frame":1,"value":[60,0],"motionPath":[]}]}}},{"__type__":"cc.SpriteFrame","content":{"name":"usernameBg","texture":"d7xWgG/aZG0r9g7l4BVca9","rect":[0,0,132,45],"offset":[0,0],"originalSize":[132,45],"capInsets":[0,0,0,0]}},{"__type__":"cc.SpriteFrame","content":{"name":"left","texture":"efgktMQ2hJ35uoElbD9oap","rect":[76,0,76,84],"offset":[0,0],"originalSize":[76,84],"capInsets":[0,0,0,0]}},[{"__type__":"cc.Prefab","_name":"roleReadyPlay","data":{"__id__":1}},{"__type__":"cc.Node","_name":"roleReadyPlay","_children":[{"__id__":2},{"__id__":5},{"__id__":8},{"__id__":11}],"_components":[{"__type__":"cc.Sprite","node":{"__id__":1},"_materials":[{"__uuid__":"ecpdLyjvZBwrvm+cedCcQy"}],"_type":1,"_sizeMode":0},{"__type__":"cc.Layout","node":{"__id__":1},"_layoutSize":{"__type__":"cc.Size","width":180,"height":204}},{"__type__":"8a03c1UatlFAq0SyOA7UPGk","node":{"__id__":1},"userName":{"__id__":7}}],"_prefab":{"__type__":"cc.PrefabInfo","root":{"__id__":1},"asset":{"__uuid__":"47DOgvaJVPfZJJbHW68zVc"},"fileId":"939r2Xm1xEcYr1OnwO4eCt"},"_contentSize":{"__type__":"cc.Size","width":180,"height":204},"_trs":{"__type__":"TypedArray","ctor":"Float64Array","array":[0,0,0,0,0,0,1,1,1,1]}},{"__type__":"cc.Node","_name":"userHeadNode","_parent":{"__id__":1},"_children":[{"__id__":3}],"_components":[{"__type__":"cc.Sprite","node":{"__id__":2},"_materials":[{"__uuid__":"ecpdLyjvZBwrvm+cedCcQy"}],"_spriteFrame":{"__uuid__":"95c6MlNiNNEYPbNDtQVedy"},"_type":1,"_sizeMode":0},{"__type__":"cc.Layout","node":{"__id__":2},"_layoutSize":{"__type__":"cc.Size","width":80,"height":80}}],"_prefab":{"__type__":"cc.PrefabInfo","root":{"__id__":1},"asset":{"__uuid__":"47DOgvaJVPfZJJbHW68zVc"},"fileId":"747rNh3YZIlpd3T01eGa/e"},"_color":{"__type__":"cc.Color","r":255,"g":93,"b":124},"_contentSize":{"__type__":"cc.Size","width":80,"height":80},"_trs":{"__type__":"TypedArray","ctor":"Float64Array","array":[0,31,0,0,0,0,1,1,1,1]}},{"__type__":"cc.Node","_name":"New Layout","_parent":{"__id__":2},"_children":[{"__id__":4}],"_components":[{"__type__":"cc.Layout","node":{"__id__":3},"_layoutSize":{"__type__":"cc.Size","width":76,"height":76}},{"__type__":"cc.Mask","node":{"__id__":3},"_materials":[{"__uuid__":"ecpdLyjvZBwrvm+cedCcQy"}],"_spriteFrame":{"__uuid__":"95c6MlNiNNEYPbNDtQVedy"},"_type":2,"_N$alphaThreshold":0.2}],"_prefab":{"__type__":"cc.PrefabInfo","root":{"__id__":1},"asset":{"__uuid__":"47DOgvaJVPfZJJbHW68zVc"},"fileId":"c6qrevU0hJGqeGaaTTGx5g"},"_color":{"__type__":"cc.Color","r":254,"g":254,"b":254},"_contentSize":{"__type__":"cc.Size","width":76,"height":76},"_trs":{"__type__":"TypedArray","ctor":"Float64Array","array":[0,0,0,0,0,0,1,1,1,1]}},{"__type__":"cc.Node","_name":"New Sprite","_parent":{"__id__":3},"_components":[{"__type__":"cc.Sprite","node":{"__id__":4},"_materials":[{"__uuid__":"ecpdLyjvZBwrvm+cedCcQy"}],"_spriteFrame":{"__uuid__":"31vIlawANFZqnzLlSuHBfc"},"_type":1,"_sizeMode":0}],"_prefab":{"__type__":"cc.PrefabInfo","root":{"__id__":1},"asset":{"__uuid__":"47DOgvaJVPfZJJbHW68zVc"},"fileId":"58OMgCmQpIurfUKQmqPMBe"},"_color":{"__type__":"cc.Color","r":247,"g":246,"b":246},"_contentSize":{"__type__":"cc.Size","width":76,"height":76},"_trs":{"__type__":"TypedArray","ctor":"Float64Array","array":[0,0,0,0,0,0,1,1,1,1]}},{"__type__":"cc.Node","_name":"usernameBg","_parent":{"__id__":1},"_children":[{"__id__":6}],"_components":[{"__type__":"cc.Sprite","node":{"__id__":5},"_materials":[{"__uuid__":"ecpdLyjvZBwrvm+cedCcQy"}],"_spriteFrame":{"__uuid__":"3fJw7dUyNPKJ6wuDyN/V9C"},"_type":1,"_sizeMode":0},{"__type__":"cc.Layout","node":{"__id__":5},"_layoutSize":{"__type__":"cc.Size","width":10,"height":30},"_resize":1,"_N$layoutType":1,"_N$paddingLeft":5,"_N$paddingRight":5}],"_prefab":{"__type__":"cc.PrefabInfo","root":{"__id__":1},"asset":{"__uuid__":"47DOgvaJVPfZJJbHW68zVc"},"fileId":"acttWlrA1GN71pSt+Qw1HT"},"_color":{"__type__":"cc.Color","r":61,"g":212,"b":25},"_contentSize":{"__type__":"cc.Size","width":10,"height":30},"_trs":{"__type__":"TypedArray","ctor":"Float64Array","array":[-1,-6,0,0,0,0,1,1,1,1]}},{"__type__":"cc.Node","_name":"username","_parent":{"__id__":5},"_components":[{"__id__":7}],"_prefab":{"__type__":"cc.PrefabInfo","root":{"__id__":1},"asset":{"__uuid__":"47DOgvaJVPfZJJbHW68zVc"},"fileId":"cfCpsgjtJG2KBveGIPPTj9"},"_contentSize":{"__type__":"cc.Size","height":22.68},"_trs":{"__type__":"TypedArray","ctor":"Float64Array","array":[0,0,0,0,0,0,1,1,1,1]}},{"__type__":"cc.Label","node":{"__id__":6},"_materials":[{"__uuid__":"ecpdLyjvZBwrvm+cedCcQy"}],"_useOriginalSize":false,"_fontSize":18,"_lineHeight":18,"_N$horizontalAlign":1,"_N$verticalAlign":1},{"__type__":"cc.Node","_name":"unReadyButton","_parent":{"__id__":1},"_children":[{"__id__":9}],"_components":[{"__type__":"cc.Button","node":{"__id__":8},"_normalMaterial":{"__uuid__":"ecpdLyjvZBwrvm+cedCcQy"},"clickEvents":[{"__type__":"cc.ClickEvent","target":{"__id__":1},"_componentId":"8a03c1UatlFAq0SyOA7UPGk","handler":"unReady"}],"_N$transition":2,"transition":2,"_N$normalColor":{"__type__":"cc.Color","r":230,"g":230,"b":230},"_N$pressedColor":{"__type__":"cc.Color","r":200,"g":200,"b":200},"pressedColor":{"__type__":"cc.Color","r":200,"g":200,"b":200},"_N$disabledColor":{"__type__":"cc.Color","r":120,"g":120,"b":120,"a":200},"_N$normalSprite":{"__uuid__":"5ahTK5oXNOM7SR/nr1fd6Y"},"_N$target":{"__id__":9}}],"_prefab":{"__type__":"cc.PrefabInfo","root":{"__id__":1},"asset":{"__uuid__":"47DOgvaJVPfZJJbHW68zVc"},"fileId":"aekad7tktIaZ0YgWwZCzgv"},"_contentSize":{"__type__":"cc.Size","width":100,"height":30},"_trs":{"__type__":"TypedArray","ctor":"Float64Array","array":[-1.435,-48.382,0,0,0,0,1,1,1,1]}},{"__type__":"cc.Node","_name":"Background","_objFlags":512,"_parent":{"__id__":8},"_children":[{"__id__":10}],"_components":[{"__type__":"cc.Sprite","node":{"__id__":9},"_materials":[{"__uuid__":"ecpdLyjvZBwrvm+cedCcQy"}],"_spriteFrame":{"__uuid__":"5ahTK5oXNOM7SR/nr1fd6Y"},"_type":1,"_sizeMode":0},{"__type__":"cc.Widget","node":{"__id__":9},"alignMode":0,"_alignFlags":45,"_originalWidth":100,"_originalHeight":40}],"_prefab":{"__type__":"cc.PrefabInfo","root":{"__id__":1},"asset":{"__uuid__":"47DOgvaJVPfZJJbHW68zVc"},"fileId":"2fpG/aGBRN+pq8DRQKlSsb"},"_contentSize":{"__type__":"cc.Size","width":100,"height":30},"_trs":{"__type__":"TypedArray","ctor":"Float64Array","array":[0,0,0,0,0,0,1,1,1,1]}},{"__type__":"cc.Node","_name":"Label","_objFlags":512,"_parent":{"__id__":9},"_components":[{"__type__":"cc.Label","node":{"__id__":10},"_materials":[{"__uuid__":"ecpdLyjvZBwrvm+cedCcQy"}],"_useOriginalSize":false,"_string":"取消准备","_N$string":"取消准备","_fontSize":20,"_lineHeight":20,"_enableWrapText":false,"_N$horizontalAlign":1,"_N$verticalAlign":1,"_N$overflow":1,"_N$cacheMode":1}],"_prefab":{"__type__":"cc.PrefabInfo","root":{"__id__":1},"asset":{"__uuid__":"47DOgvaJVPfZJJbHW68zVc"},"fileId":"e6HMRO6JFPC4VZuv3sH9yv"},"_contentSize":{"__type__":"cc.Size","width":100,"height":40},"_trs":{"__type__":"TypedArray","ctor":"Float64Array","array":[0,0,0,0,0,0,1,1,1,1]}},{"__type__":"cc.Node","_name":"readyText","_parent":{"__id__":1},"_components":[{"__type__":"cc.Label","node":{"__id__":11},"_materials":[{"__uuid__":"ecpdLyjvZBwrvm+cedCcQy"}],"_useOriginalSize":false,"_string":"已准备","_N$string":"已准备","_fontSize":20,"_lineHeight":20,"_N$horizontalAlign":1,"_N$verticalAlign":1}],"_prefab":{"__type__":"cc.PrefabInfo","root":{"__id__":1},"asset":{"__uuid__":"47DOgvaJVPfZJJbHW68zVc"},"fileId":"befBbJGGdJCpEd5ZyETaWD"},"_opacity":180,"_contentSize":{"__type__":"cc.Size","width":60,"height":25.2},"_trs":{"__type__":"TypedArray","ctor":"Float64Array","array":[-1,-48,0,0,0,0,1,1,1,1]}}],{"__type__":"cc.AnimationClip","_name":"dice_move","_duration":1,"curveData":{"props":{"position":[{"frame":0,"value":[376,169],"motionPath":[[187,129,238,187,131,65]],"curve":"quadOut"},{"frame":0.3333333333333333,"value":[90,-9],"motionPath":[[64,34,76,17,51,51]],"curve":"quartOut"},{"frame":0.6666666666666666,"value":[28,56],"motionPath":[[-12,32,-7,48,-15,25],[-22,-8,-9,-1,-28,-12],[-41,4,-34,3,-54,4]]},{"frame":1,"value":[-61,-5],"motionPath":[]}]}}},{"__type__":"cc.SpriteFrame","content":{"name":"diceResult","texture":"1f7IjvG7dHBqtWgm86OCVH","rect":[0,0,144,144],"offset":[0,0],"originalSize":[144,144],"capInsets":[0,0,0,0]}},[{"__type__":"cc.SceneAsset","_name":"commonScene","scene":{"__id__":1},"asyncLoadAssets":null},{"__type__":"cc.Scene","_name":"New Node","_children":[{"__id__":2}],"_active":false,"_anchorPoint":{"__type__":"cc.Vec2"},"_trs":{"__type__":"TypedArray","ctor":"Float64Array","array":[0,0,0,0,0,0,1,1,1,1]},"autoReleaseAssets":false},{"__type__":"cc.Node","_name":"Canvas","_parent":{"__id__":1},"_children":[{"__id__":3},{"__id__":4},{"__id__":11},{"__id__":12}],"_components":[{"__type__":"cc.Canvas","node":{"__id__":2},"_designResolution":{"__type__":"cc.Size","width":750,"height":1334},"_fitWidth":true},{"__type__":"cc.Widget","node":{"__id__":2}}],"_contentSize":{"__type__":"cc.Size","width":750,"height":1334},"_trs":{"__type__":"TypedArray","ctor":"Float64Array","array":[375,667,0,0,0,0,1,1,1,1]},"_id":"a5esZu+45LA5mBpvttspPD"},{"__type__":"cc.Node","_name":"Main Camera","_parent":{"__id__":2},"_components":[{"__type__":"cc.Camera","node":{"__id__":3},"_clearFlags":7,"_depth":-1}],"_contentSize":{"__type__":"cc.Size","width":750,"height":1334},"_trs":{"__type__":"TypedArray","ctor":"Float64Array","array":[0,0,401.83578735597956,0,0,0,1,1,1,1]}},{"__type__":"cc.Node","_name":"main","_parent":{"__id__":2},"_children":[{"__id__":5},{"__id__":6}],"_components":[{"__type__":"cc.Sprite","node":{"__id__":4},"_materials":[{"__uuid__":"ecpdLyjvZBwrvm+cedCcQy"}],"_spriteFrame":{"__uuid__":"9bvaMerUlDyary99mJa6xp"},"_type":1,"_sizeMode":0},{"__type__":"cc.Layout","node":{"__id__":4},"_layoutSize":{"__type__":"cc.Size","width":750,"height":860}},{"__type__":"e9acb3AaKxDAZlK6oUj6V2/","node":{"__id__":4}},{"__type__":"cc784itv4RA3ILIqeKFzy+d","node":{"__id__":4},"startGamePre":{"__uuid__":"4bicMAMX5CgJEjBMO01s+k"},"winnerPre":{"__uuid__":"65vhMxPEtOCa3slQaxK33k"},"centerRoundTipPre":{"__uuid__":"62MGNEbYxElofnILQtA8wL"},"centerRulePre":{"__uuid__":"abCOLtUxhObq9KUjyrqP4f"},"centerBoxPre":{"__uuid__":"a2AJmaMFJNx5b6zTZse+v1"},"topBannerPre":{"__uuid__":"91UlMDvvZEjaqPNnCMVrL+"}}],"_color":{"__type__":"cc.Color","r":13,"g":114,"b":188},"_contentSize":{"__type__":"cc.Size","width":750,"height":860},"_trs":{"__type__":"TypedArray","ctor":"Float64Array","array":[0,0,0,0,0,0,1,1,1,1]}},{"__type__":"cc.Node","_name":"header","_parent":{"__id__":4},"_components":[{"__type__":"cc.Sprite","node":{"__id__":5},"_materials":[{"__uuid__":"ecpdLyjvZBwrvm+cedCcQy"}],"_spriteFrame":{"__uuid__":"9bvaMerUlDyary99mJa6xp"},"_type":1,"_sizeMode":0},{"__type__":"cc.Layout","node":{"__id__":5},"_layoutSize":{"__type__":"cc.Size","width":750,"height":48}}],"_color":{"__type__":"cc.Color","r":13,"g":114,"b":188},"_contentSize":{"__type__":"cc.Size","width":750,"height":48},"_trs":{"__type__":"TypedArray","ctor":"Float64Array","array":[0,408,0,0,0,0,1,1,1,1]}},{"__type__":"cc.Node","_name":"map","_parent":{"__id__":4},"_children":[{"__id__":7}],"_components":[{"__type__":"cc.Sprite","node":{"__id__":6},"_materials":[{"__uuid__":"ecpdLyjvZBwrvm+cedCcQy"}],"_spriteFrame":{"__uuid__":"9bvaMerUlDyary99mJa6xp"},"_type":1,"_sizeMode":0},{"__type__":"cc.Layout","node":{"__id__":6},"_layoutSize":{"__type__":"cc.Size","width":710,"height":804}},{"__type__":"1a093SeI0NNU6fAsMLDelS7","node":{"__id__":6},"rolePit":{"__uuid__":"b7Fhr1uJ5Fp7jyc5KIDvpa"}}],"_color":{"__type__":"cc.Color","r":13,"g":114,"b":188},"_contentSize":{"__type__":"cc.Size","width":710,"height":804},"_trs":{"__type__":"TypedArray","ctor":"Float64Array","array":[0,-28,0,0,0,0,1,1,1,1]}},{"__type__":"cc.Node","_name":"indexBg","_parent":{"__id__":6},"_children":[{"__id__":8},{"__id__":9},{"__id__":10}],"_components":[{"__type__":"cc.Sprite","node":{"__id__":7},"_materials":[{"__uuid__":"ecpdLyjvZBwrvm+cedCcQy"}],"_spriteFrame":{"__uuid__":"88moyR3uZFSbtttyXOOu1n"}},{"__type__":"d7674KkBR9OlLRP6ODUi0tC","node":{"__id__":7},"chessUnit":{"__uuid__":"22zxFitbJG+4klv/vg7MF4"}}],"_color":{"__type__":"cc.Color","r":13,"g":114,"b":188},"_contentSize":{"__type__":"cc.Size","width":710,"height":804},"_trs":{"__type__":"TypedArray","ctor":"Float64Array","array":[0,0,0,0,0,0,1,1,1,1]}},{"__type__":"cc.Node","_name":"centerBg","_parent":{"__id__":7},"_components":[{"__type__":"cc.Sprite","node":{"__id__":8},"_materials":[{"__uuid__":"ecpdLyjvZBwrvm+cedCcQy"}],"_spriteFrame":{"__uuid__":"737PG15yRPo5oD+Om9Q/Z/"}}],"_contentSize":{"__type__":"cc.Size","width":524,"height":596},"_trs":{"__type__":"TypedArray","ctor":"Float64Array","array":[0,0,0,0,0,0,1,1,1,1]}},{"__type__":"cc.Node","_name":"mapBottom","_parent":{"__id__":7},"_components":[{"__type__":"80aa3Z5WR1KXaUJo2WHP4HB","node":{"__id__":9},"gameButtonPrefab":{"__uuid__":"c2fN+dl81GwKH8BzMGlP9K"},"diceResultPrefab":{"__uuid__":"12tlRa0YtA6a7Jntp/P6mK"}}],"_color":{"__type__":"cc.Color","r":198,"g":25,"b":25},"_contentSize":{"__type__":"cc.Size","width":172,"height":200},"_trs":{"__type__":"TypedArray","ctor":"Float64Array","array":[1,-198,0,0,0,0,1,1,1,1]}},{"__type__":"cc.Node","_name":"dice","_parent":{"__id__":7},"_components":[{"__type__":"a3f81nDCKRATogE6AQRahW1","node":{"__id__":10},"diceMovePrefab":{"__uuid__":"00aATO4OBPtbUIb3OxT6e/"},"diceMove2Prefab":{"__uuid__":"9fp0OxcUxFW4NAkZ0KllqV"},"diceNumberPrefab":{"__uuid__":"872zG2DZ5P45hLaiS0Hzie"}}],"_contentSize":{"__type__":"cc.Size","width":140,"height":140},"_trs":{"__type__":"TypedArray","ctor":"Float64Array","array":[0,0,0,0,0,0,1,1,1,1]}},{"__type__":"cc.Node","_parent":{"__id__":2},"_id":"feJ+h11edNZZq/Sw5WdUa1","_prefab":{"__type__":"cc.PrefabInfo","root":{"__id__":11},"asset":{"__uuid__":"91UlMDvvZEjaqPNnCMVrL+"},"fileId":"d1uB9bF1lPd7cGxm+qb8XY","sync":true},"_name":"topBannerPre","_trs":{"__type__":"TypedArray","ctor":"Float64Array","array":[-226,388,0,0,0,0,1,1,1,1]}},{"__type__":"cc.Node","_parent":{"__id__":2},"_id":"b67qO3s4RLuaeUawOc2/fF","_prefab":{"__type__":"cc.PrefabInfo","root":{"__id__":12},"asset":{"__uuid__":"a2AJmaMFJNx5b6zTZse+v1"},"fileId":"6chAMmLalOrqXz5/kpvZPm","sync":true},"_name":"centerBoxPre","_trs":{"__type__":"TypedArray","ctor":"Float64Array","array":[0.935,207.262,0,0,0,0,1,1,1,1]}}],{"__type__":"cc.SpriteFrame","content":{"name":"unReadyButtonBg","texture":"c5fdxzbOZI06unh+C1ZPhJ","rect":[0,0,104,34],"offset":[0,0],"originalSize":[104,34],"capInsets":[0,0,0,0]}},{"__type__":"cc.SpriteAtlas","_name":"diceNumber.plist","_spriteFrames":{"1":{"__uuid__":"d5voQkpn5MGY2CrimlY5Pa"},"2":{"__uuid__":"7eaHkPdl5ADIdVTcclqesk"},"3":{"__uuid__":"bcFH2DMdxHP5SVKr1Yelne"},"4":{"__uuid__":"70AeLqVc9NrKrTAdylVQY3"},"5":{"__uuid__":"dfkqNs7A5MnqaI5h942eF6"},"6":{"__uuid__":"99yWQ22qBF9qCoooMc+olJ"}}},{"__type__":"cc.SpriteAtlas","_name":"chess1.plist","_spriteFrames":{"bottom":{"__uuid__":"85e6unupFLWYlkYRou37KQ"},"left":{"__uuid__":"40r5VngWlB7rvO3sC3tpV+"},"right":{"__uuid__":"32W0ctG0hE5o//XHJ11WJf"},"top":{"__uuid__":"cbsyPfoeBGvJaDj7aaj9m4"}}},{"__type__":"cc.SpriteFrame","content":{"name":"4","texture":"41bY6l5/hEG78S2sBo6CyS","rect":[522,0,174,174],"offset":[0,0],"originalSize":[174,174],"capInsets":[0,0,0,0]}},{"__type__":"cc.SpriteFrame","content":{"name":"bottom","texture":"dcSzo8qjZFtbEmNU86Sg7l","rect":[0,0,76,84],"offset":[0,0],"originalSize":[76,84],"capInsets":[0,0,0,0]}},{"__type__":"cc.SpriteFrame","content":{"name":"centerBg","texture":"47O13e5GlO5qlR2/HMxtGN","rect":[0,0,524,596],"offset":[0,0],"originalSize":[524,596],"capInsets":[0,0,0,0]}},{"__type__":"cc.SpriteFrame","content":{"name":"top","texture":"43jyfs5PJESY8ZRuA19RQg","rect":[228,0,76,84],"offset":[0,0],"originalSize":[76,84],"capInsets":[0,0,0,0]}},{"__type__":"cc.SpriteFrame","content":{"name":"dice","texture":"a5d0U+H4pLobYtQrvqProZ","rect":[25,25,124,123],"offset":[0,0.5],"originalSize":[174,174],"capInsets":[0,0,0,0]}},{"__type__":"cc.SpriteFrame","content":{"name":"right","texture":"43jyfs5PJESY8ZRuA19RQg","rect":[152,0,76,84],"offset":[0,0],"originalSize":[76,84],"capInsets":[0,0,0,0]}},{"__type__":"cc.SpriteFrame","content":{"name":"2","texture":"41bY6l5/hEG78S2sBo6CyS","rect":[174,0,174,174],"offset":[0,0],"originalSize":[174,174],"capInsets":[0,0,0,0]}},[{"__type__":"cc.Prefab","_name":"roleChess","data":{"__id__":1}},{"__type__":"cc.Node","_name":"roleChess","_components":[{"__type__":"cc.Sprite","node":{"__id__":1},"_materials":[{"__uuid__":"ecpdLyjvZBwrvm+cedCcQy"}],"_sizeMode":0},{"__type__":"753deRLhRRPUZsXUOs5gfNQ","node":{"__id__":1},"chessAtlas":[{"__uuid__":"681Erjq09PqrunBKWBaYkC"},{"__uuid__":"88Aaib4KVAFoylN6EIrlqo"},{"__uuid__":"97kpdXF+FOf4RpmDAsUX5S"},{"__uuid__":"8clwo+DvRO5Z77Z9Hv5T+h"}]}],"_prefab":{"__type__":"cc.PrefabInfo","root":{"__id__":1},"asset":{"__uuid__":"81sHBXXHRCebHQsFOQtORz"},"fileId":"b20XZbKg1EMJ89wKGWEmGK"},"_contentSize":{"__type__":"cc.Size","width":36,"height":40},"_trs":{"__type__":"TypedArray","ctor":"Float64Array","array":[-66,57,0,0,0,0,1,1,1,1]}}],{"__type__":"cc.SpriteFrame","content":{"name":"bottom","texture":"efgktMQ2hJ35uoElbD9oap","rect":[0,0,76,84],"offset":[0,0],"originalSize":[76,84],"capInsets":[0,0,0,0]}},[{"__type__":"cc.Prefab","_name":"diceNumber","data":{"__id__":1}},{"__type__":"cc.Node","_name":"diceNumber","_components":[{"__type__":"cc.Sprite","node":{"__id__":1},"_materials":[{"__uuid__":"ecpdLyjvZBwrvm+cedCcQy"}],"_spriteFrame":{"__uuid__":"d5voQkpn5MGY2CrimlY5Pa"},"_sizeMode":0},{"__type__":"09a36p9QnJAK5F6G7ggpEhZ","node":{"__id__":1},"diceAtlas":{"__uuid__":"5a3WbvA7pARK2bIUL3ziH5"}}],"_prefab":{"__type__":"cc.PrefabInfo","root":{"__id__":1},"asset":{"__uuid__":"872zG2DZ5P45hLaiS0Hzie"},"fileId":"eeAmKKN4NLAICVPXGsuz2R"},"_contentSize":{"__type__":"cc.Size","width":130,"height":130},"_trs":{"__type__":"TypedArray","ctor":"Float64Array","array":[0,0,0,0,0,0,1,1,1,1]}}],{"__type__":"cc.SpriteAtlas","_name":"chess2.plist","_spriteFrames":{"bottom":{"__uuid__":"8cLIc7JFtHro4emixKXD5P"},"left":{"__uuid__":"34Fer0TDFFf55TSwACrdKY"},"right":{"__uuid__":"7eVkYeRjtLCqwV3fWEOpJU"},"top":{"__uuid__":"7cqPm96HlPzrS4TlXTmdVs"}}},{"__type__":"cc.SpriteFrame","content":{"name":"indexBg","texture":"c2Ah/BJENJq54bTN/7Scvs","rect":[0,0,710,804],"offset":[0,0],"originalSize":[710,804],"capInsets":[0,0,0,0]}},{"__type__":"cc.SpriteFrame","content":{"name":"bottom","texture":"43jyfs5PJESY8ZRuA19RQg","rect":[0,0,76,84],"offset":[0,0],"originalSize":[76,84],"capInsets":[0,0,0,0]}},{"__type__":"cc.SpriteAtlas","_name":"chess4.plist","_spriteFrames":{"bottom":{"__uuid__":"718fI6da1PV77woXzvRLzC"},"left":{"__uuid__":"8eRAC+qkBB57FDW3r0RsOT"},"right":{"__uuid__":"fayxtoBA5AXLDWua4tw4ci"},"top":{"__uuid__":"33+cFzayFIvL999bJuEvQN"}}},{"__type__":"cc.SpriteFrame","content":{"name":"left","texture":"dcSzo8qjZFtbEmNU86Sg7l","rect":[76,0,76,84],"offset":[0,0],"originalSize":[76,84],"capInsets":[0,0,0,0]}},{"__type__":"cc.SpriteFrame","content":{"name":"circle","texture":"c9M+vUEUZB2aaEW1uhBjid","rect":[0,0,500,500],"offset":[0,0],"originalSize":[500,500],"capInsets":[0,0,0,0]}},{"__type__":"cc.SpriteAtlas","_name":"chess3.plist","_spriteFrames":{"bottom":{"__uuid__":"a8KQIsdQ5CHIhm3Qu/QLMH"},"left":{"__uuid__":"a8umGSfHBEGLBFVAoor5oe"},"right":{"__uuid__":"30Sn+ltstMh6bgl3aVeED9"},"top":{"__uuid__":"afWPyMSH5EtLitZcw24TOZ"}}},{"__type__":"cc.SpriteFrame","content":{"name":"6","texture":"41bY6l5/hEG78S2sBo6CyS","rect":[870,0,174,174],"offset":[0,0],"originalSize":[174,174],"capInsets":[0,0,0,0]}},{"__type__":"cc.SpriteFrame","content":{"name":"default_panel","texture":"d8HsitJHxOYqo801xBk8ev","rect":[0,0,20,20],"offset":[0,0],"originalSize":[20,20],"capInsets":[6,6,6,6]}},{"__type__":"cc.SpriteFrame","content":{"name":"dice_2","texture":"e0Hs9gry1ILp2yg9FE84Ax","rect":[159,1,150,130],"offset":[-1,-1],"originalSize":[174,174],"capInsets":[0,0,0,0]}},[{"__type__":"cc.Prefab","_name":"dice_move2","data":{"__id__":1}},{"__type__":"cc.Node","_name":"dice_move2","_children":[{"__id__":2}],"_components":[{"__type__":"cc.Animation","node":{"__id__":1},"_defaultClip":{"__uuid__":"39BvQRFppBBolLhub4U/JN"},"_clips":[{"__uuid__":"39BvQRFppBBolLhub4U/JN"}],"playOnLoad":true}],"_prefab":{"__type__":"cc.PrefabInfo","root":{"__id__":1},"asset":{"__uuid__":"9fp0OxcUxFW4NAkZ0KllqV"},"fileId":"eeTSkiAodMbJKO9CXkqhE+"},"_trs":{"__type__":"TypedArray","ctor":"Float64Array","array":[0,0,0,0,0,0,1,1,1,1]}},{"__type__":"cc.Node","_name":"dice","_parent":{"__id__":1},"_components":[{"__type__":"cc.Sprite","node":{"__id__":2},"_materials":[{"__uuid__":"ecpdLyjvZBwrvm+cedCcQy"}],"_spriteFrame":{"__uuid__":"e3gixxSz5IvJu0ULXa12jO"},"_sizeMode":0},{"__type__":"cc.Animation","node":{"__id__":2},"_defaultClip":{"__uuid__":"d8qqvdD5tHu4Ol2ZdkC0a9"},"_clips":[{"__uuid__":"d8qqvdD5tHu4Ol2ZdkC0a9"}],"playOnLoad":true}],"_prefab":{"__type__":"cc.PrefabInfo","root":{"__id__":1},"asset":{"__uuid__":"9fp0OxcUxFW4NAkZ0KllqV"},"fileId":"21KNH4R/NGN79qQ6CLkfDL"},"_contentSize":{"__type__":"cc.Size","width":100,"height":95},"_trs":{"__type__":"TypedArray","ctor":"Float64Array","array":[0,0,0,0,0,0,1,1,1,1]}}],[{"__type__":"cc.Prefab","_name":"roleClickJoin","data":{"__id__":1}},{"__type__":"cc.Node","_name":"gameJoinPit","_children":[{"__id__":2},{"__id__":4}],"_components":[{"__type__":"cc.Sprite","node":{"__id__":1},"_materials":[{"__uuid__":"ecpdLyjvZBwrvm+cedCcQy"}],"_type":1,"_sizeMode":0},{"__type__":"cc.Layout","node":{"__id__":1},"_layoutSize":{"__type__":"cc.Size","width":180,"height":204}},{"__type__":"c5fb8jwdgJEMIPLMsVB6Bus","node":{"__id__":1}}],"_prefab":{"__type__":"cc.PrefabInfo","root":{"__id__":1},"asset":{"__uuid__":"9fuFacc85EYpx3kZayPuot"},"fileId":"f1wjZ6luZNOrFk8KneJVJX"},"_color":{"__type__":"cc.Color","r":244,"g":246,"b":247},"_contentSize":{"__type__":"cc.Size","width":180,"height":204},"_trs":{"__type__":"TypedArray","ctor":"Float64Array","array":[0,0,0,0,0,0,1,1,1,1]}},{"__type__":"cc.Node","_name":"New Button","_parent":{"__id__":1},"_children":[{"__id__":3}],"_components":[{"__type__":"cc.Button","node":{"__id__":2},"_normalMaterial":{"__uuid__":"ecpdLyjvZBwrvm+cedCcQy"},"clickEvents":[{"__type__":"cc.ClickEvent","target":{"__id__":1},"_componentId":"c5fb8jwdgJEMIPLMsVB6Bus","handler":"join"}],"_N$transition":2,"transition":2,"_N$normalColor":{"__type__":"cc.Color","r":230,"g":230,"b":230},"_N$pressedColor":{"__type__":"cc.Color","r":200,"g":200,"b":200},"pressedColor":{"__type__":"cc.Color","r":200,"g":200,"b":200},"_N$disabledColor":{"__type__":"cc.Color","r":120,"g":120,"b":120,"a":200},"_N$normalSprite":{"__uuid__":"26WZR7JpdNsbruEeKD6SDB"},"_N$target":{"__id__":3}}],"_prefab":{"__type__":"cc.PrefabInfo","root":{"__id__":1},"asset":{"__uuid__":"9fuFacc85EYpx3kZayPuot"},"fileId":"b0GlRv2lVOGodzh+Gi2a1s"},"_contentSize":{"__type__":"cc.Size","width":80,"height":80},"_trs":{"__type__":"TypedArray","ctor":"Float64Array","array":[0,28,0,0,0,0,1,1,1,1]}},{"__type__":"cc.Node","_name":"gameJoinButton","_parent":{"__id__":2},"_components":[{"__type__":"cc.Sprite","node":{"__id__":3},"_materials":[{"__uuid__":"ecpdLyjvZBwrvm+cedCcQy"}],"_spriteFrame":{"__uuid__":"26WZR7JpdNsbruEeKD6SDB"},"_sizeMode":0}],"_prefab":{"__type__":"cc.PrefabInfo","root":{"__id__":1},"asset":{"__uuid__":"9fuFacc85EYpx3kZayPuot"},"fileId":"bfSl0baWtMJYpjr1q3CPF0"},"_contentSize":{"__type__":"cc.Size","width":80,"height":80},"_trs":{"__type__":"TypedArray","ctor":"Float64Array","array":[0,0,0,0,0,0,1,1,1,1]}},{"__type__":"cc.Node","_name":"gameJoinText","_parent":{"__id__":1},"_components":[{"__type__":"cc.Label","node":{"__id__":4},"_materials":[{"__uuid__":"ecpdLyjvZBwrvm+cedCcQy"}],"_useOriginalSize":false,"_string":"点击参加","_N$string":"点击参加","_fontSize":20,"_lineHeight":20,"_N$horizontalAlign":1,"_N$verticalAlign":1}],"_prefab":{"__type__":"cc.PrefabInfo","root":{"__id__":1},"asset":{"__uuid__":"9fuFacc85EYpx3kZayPuot"},"fileId":"52ZqCXEFNBN5sTf6EVA7gd"},"_contentSize":{"__type__":"cc.Size","width":80,"height":25.2},"_trs":{"__type__":"TypedArray","ctor":"Float64Array","array":[0.051,-45.347,0,0,0,0,1,1,1,1]}}],{"__type__":"cc.SpriteFrame","content":{"name":"bottom","texture":"3dZcwxxDZBfai894lS6ZYy","rect":[0,0,76,84],"offset":[0,0],"originalSize":[76,84],"capInsets":[0,0,0,0]}},{"__type__":"cc.SpriteFrame","content":{"name":"left","texture":"3dZcwxxDZBfai894lS6ZYy","rect":[76,0,76,84],"offset":[0,0],"originalSize":[76,84],"capInsets":[0,0,0,0]}},{"__type__":"cc.SpriteFrame","content":{"name":"top","texture":"3dZcwxxDZBfai894lS6ZYy","rect":[228,0,76,84],"offset":[0,0],"originalSize":[76,84],"capInsets":[0,0,0,0]}},[{"__type__":"cc.Prefab","_name":"rolePit","data":{"__id__":1}},{"__type__":"cc.Node","_name":"rolePit","_components":[{"__type__":"cc.Sprite","node":{"__id__":1},"_materials":[{"__uuid__":"ecpdLyjvZBwrvm+cedCcQy"}],"_type":1,"_sizeMode":0},{"__type__":"cc.Layout","node":{"__id__":1},"_layoutSize":{"__type__":"cc.Size","width":180,"height":204}},{"__type__":"6a0e4PK4KdES4WmwpaG/KQI","node":{"__id__":1},"clickJoinPrefab":{"__uuid__":"9fuFacc85EYpx3kZayPuot"},"readyPlayPrefab":{"__uuid__":"47DOgvaJVPfZJJbHW68zVc"},"playingPrefab":{"__uuid__":"2bsOCTALtJIIsLzPEXahtC"}}],"_prefab":{"__type__":"cc.PrefabInfo","root":{"__id__":1},"asset":{"__uuid__":"b7Fhr1uJ5Fp7jyc5KIDvpa"},"fileId":"24chZKEHtAvrdQvDzRKm7c"},"_color":{"__type__":"cc.Color","r":249,"g":249,"b":249},"_contentSize":{"__type__":"cc.Size","width":180,"height":204},"_trs":{"__type__":"TypedArray","ctor":"Float64Array","array":[224.168,292.864,0,0,0,0,1,1,1,1]}}],{"__type__":"cc.SpriteFrame","content":{"name":"3","texture":"41bY6l5/hEG78S2sBo6CyS","rect":[348,0,174,174],"offset":[0,0],"originalSize":[174,174],"capInsets":[0,0,0,0]}},[{"__type__":"cc.Prefab","_name":"gameButton","data":{"__id__":1}},{"__type__":"cc.Node","_name":"gameButton","_children":[{"__id__":2},{"__id__":3},{"__id__":4},{"__id__":5},{"__id__":6}],"_components":[{"__type__":"cc.Sprite","node":{"__id__":1},"_materials":[{"__uuid__":"ecpdLyjvZBwrvm+cedCcQy"}],"_type":1,"_sizeMode":0},{"__type__":"cc.Layout","node":{"__id__":1},"_layoutSize":{"__type__":"cc.Size","width":140,"height":140}},{"__type__":"3e0d08NTtRHsLFMwE7Jb/ez","node":{"__id__":1}},{"__type__":"cc.Button","node":{"__id__":1},"clickEvents":[{"__type__":"cc.ClickEvent","target":{"__id__":1},"_componentId":"3e0d08NTtRHsLFMwE7Jb/ez","handler":"play"}],"_N$target":{"__id__":1}}],"_prefab":{"__type__":"cc.PrefabInfo","root":{"__id__":1},"asset":{"__uuid__":"c2fN+dl81GwKH8BzMGlP9K"},"fileId":"ceMXxejBtFU5McBHOgJr6q"},"_color":{"__type__":"cc.Color","r":110,"g":18,"b":18},"_contentSize":{"__type__":"cc.Size","width":140,"height":140},"_trs":{"__type__":"TypedArray","ctor":"Float64Array","array":[0,0,0,0,0,0,1,1,1,1]}},{"__type__":"cc.Node","_name":"gameButtonBg","_parent":{"__id__":1},"_components":[{"__type__":"cc.Sprite","node":{"__id__":2},"_materials":[{"__uuid__":"ecpdLyjvZBwrvm+cedCcQy"}],"_spriteFrame":{"__uuid__":"95c6MlNiNNEYPbNDtQVedy"},"_type":1,"_sizeMode":0},{"__type__":"cc.Layout","node":{"__id__":2},"_layoutSize":{"__type__":"cc.Size","width":140,"height":140}}],"_prefab":{"__type__":"cc.PrefabInfo","root":{"__id__":1},"asset":{"__uuid__":"c2fN+dl81GwKH8BzMGlP9K"},"fileId":"c9ny9/MIlP9JHmmAU3JXWs"},"_opacity":40,"_color":{"__type__":"cc.Color"},"_contentSize":{"__type__":"cc.Size","width":140,"height":140},"_trs":{"__type__":"TypedArray","ctor":"Float64Array","array":[0,0,0,0,0,0,1,1,1,1]}},{"__type__":"cc.Node","_name":"gameButtonProgress","_parent":{"__id__":1},"_components":[{"__type__":"cc.Sprite","node":{"__id__":3},"_materials":[{"__uuid__":"ecpdLyjvZBwrvm+cedCcQy"}],"_spriteFrame":{"__uuid__":"95c6MlNiNNEYPbNDtQVedy"},"_type":3,"_sizeMode":0,"_fillType":2,"_fillCenter":{"__type__":"cc.Vec2","x":0.5,"y":0.5},"_fillStart":0.25,"_fillRange":1},{"__type__":"cc.Layout","node":{"__id__":3},"_layoutSize":{"__type__":"cc.Size","width":140,"height":140}}],"_prefab":{"__type__":"cc.PrefabInfo","root":{"__id__":1},"asset":{"__uuid__":"c2fN+dl81GwKH8BzMGlP9K"},"fileId":"23N6MYrjJG8rEjSNwpshdg"},"_color":{"__type__":"cc.Color","r":255,"g":205},"_contentSize":{"__type__":"cc.Size","width":140,"height":140},"_trs":{"__type__":"TypedArray","ctor":"Float64Array","array":[0,0,0,0,0,0,1,1,1,1]}},{"__type__":"cc.Node","_name":"gameButtonMiddle","_parent":{"__id__":1},"_components":[{"__type__":"cc.Sprite","node":{"__id__":4},"_materials":[{"__uuid__":"ecpdLyjvZBwrvm+cedCcQy"}],"_spriteFrame":{"__uuid__":"95c6MlNiNNEYPbNDtQVedy"},"_type":1,"_sizeMode":0},{"__type__":"cc.Layout","node":{"__id__":4},"_layoutSize":{"__type__":"cc.Size","width":116,"height":116}}],"_prefab":{"__type__":"cc.PrefabInfo","root":{"__id__":1},"asset":{"__uuid__":"c2fN+dl81GwKH8BzMGlP9K"},"fileId":"c4zkPh3U9NBbHJXzqh4fcB"},"_color":{"__type__":"cc.Color","r":255,"g":86,"b":42},"_contentSize":{"__type__":"cc.Size","width":116,"height":116},"_trs":{"__type__":"TypedArray","ctor":"Float64Array","array":[0,0,0,0,0,0,1,1,1,1]}},{"__type__":"cc.Node","_name":"gameStartLabel","_parent":{"__id__":1},"_components":[{"__type__":"cc.Label","node":{"__id__":5},"_materials":[{"__uuid__":"ecpdLyjvZBwrvm+cedCcQy"}],"_useOriginalSize":false,"_string":"GO","_N$string":"GO","_N$horizontalAlign":1,"_N$verticalAlign":1}],"_prefab":{"__type__":"cc.PrefabInfo","root":{"__id__":1},"asset":{"__uuid__":"c2fN+dl81GwKH8BzMGlP9K"},"fileId":"5b5mS40xdEH7NmQ0Tw7Kah"},"_contentSize":{"__type__":"cc.Size","width":62.23,"height":50.4},"_trs":{"__type__":"TypedArray","ctor":"Float64Array","array":[0,0,0,0,0,0,1,1,1,1]}},{"__type__":"cc.Node","_name":"dice","_parent":{"__id__":1},"_components":[{"__type__":"cc.Sprite","node":{"__id__":6},"_materials":[{"__uuid__":"ecpdLyjvZBwrvm+cedCcQy"}],"_spriteFrame":{"__uuid__":"7dJvGIRetPx4pqW5yhTTSa"},"_sizeMode":0}],"_prefab":{"__type__":"cc.PrefabInfo","root":{"__id__":1},"asset":{"__uuid__":"c2fN+dl81GwKH8BzMGlP9K"},"fileId":"74DAnJSUVIgbfXgu7EJhsQ"},"_contentSize":{"__type__":"cc.Size","width":70,"height":70},"_trs":{"__type__":"TypedArray","ctor":"Float64Array","array":[0,0,0,0,0,-0.17364817766693033,0.984807753012208,1,1,1]},"_eulerAngles":{"__type__":"cc.Vec3","z":-20}}],{"__type__":"cc.SpriteFrame","content":{"name":"dice_4","texture":"e0Hs9gry1ILp2yg9FE84Ax","rect":[311,1,140,130],"offset":[4,-1],"originalSize":[174,174],"capInsets":[0,0,0,0]}},{"__type__":"cc.SpriteFrame","content":{"name":"top","texture":"efgktMQ2hJ35uoElbD9oap","rect":[228,0,76,84],"offset":[0,0],"originalSize":[76,84],"capInsets":[0,0,0,0]}},{"__type__":"cc.SpriteFrame","content":{"name":"1","texture":"41bY6l5/hEG78S2sBo6CyS","rect":[0,0,174,174],"offset":[0,0],"originalSize":[174,174],"capInsets":[0,0,0,0]}},{"__type__":"cc.AnimationClip","_name":"dice","_duration":0.16666666666666666,"sample":30,"wrapMode":2,"curveData":{"comps":{"cc.Sprite":{"spriteFrame":[{"frame":0,"value":{"__uuid__":"e3gixxSz5IvJu0ULXa12jO"}},{"frame":0.03333333333333333,"value":{"__uuid__":"9b+ksS++ZIsLWJZEP6TX1d"}},{"frame":0.06666666666666667,"value":{"__uuid__":"f0s41IrthN/JrQUHj3AfA1"}},{"frame":0.1,"value":{"__uuid__":"c7Strt1r9JFIxSvNnGWYga"}},{"frame":0.13333333333333333,"value":{"__uuid__":"1aiS0/9/dCzqZJXiGFHLqr"}}]}}},"events":[{"frame":0,"func":"","params":[]},{"frame":0,"func":"","params":[]},{"frame":0,"func":"","params":[]},{"frame":0,"func":"","params":[]}]},{"__type__":"cc.SpriteFrame","content":{"name":"5","texture":"41bY6l5/hEG78S2sBo6CyS","rect":[696,0,174,174],"offset":[0,0],"originalSize":[174,174],"capInsets":[0,0,0,0]}},{"__type__":"cc.SpriteFrame","content":{"name":"dice_1","texture":"e0Hs9gry1ILp2yg9FE84Ax","rect":[595,1,138,130],"offset":[1,-1],"originalSize":[174,174],"capInsets":[0,0,0,0]}},{"__type__":"cc.SpriteAtlas","_name":"dice.plist","_spriteFrames":{"dice_1":{"__uuid__":"e3gixxSz5IvJu0ULXa12jO"},"dice_2":{"__uuid__":"9b+ksS++ZIsLWJZEP6TX1d"},"dice_3":{"__uuid__":"f0s41IrthN/JrQUHj3AfA1"},"dice_4":{"__uuid__":"c7Strt1r9JFIxSvNnGWYga"},"dice_5":{"__uuid__":"1aiS0/9/dCzqZJXiGFHLqr"}}},{"__type__":"cc.SpriteFrame","content":{"name":"dice_3","texture":"e0Hs9gry1ILp2yg9FE84Ax","rect":[1,1,156,130],"offset":[1,-1],"originalSize":[174,174],"capInsets":[0,0,0,0]}},{"__type__":"cc.SpriteFrame","content":{"name":"right","texture":"dcSzo8qjZFtbEmNU86Sg7l","rect":[152,0,76,84],"offset":[0,0],"originalSize":[76,84],"capInsets":[0,0,0,0]}}]